b,30.83,0,u,g,w,v,1.25,t,t.1,01,f,g.1,00202,0.1
0,2.2884222417795215,-0.061435212556837676,1,0,10,3,0.24360624402812475,1,1,0.7399196334994419,0,0,-0.7904693628925412,-0.08807404971720255
0,-0.5805297014931796,-0.8574381157222776,1,0,10,3,-0.2166024966485871,1,0,-0.49397619743508525,0,0,0.5718470064075225,-0.03740185830739133
1,-0.3009391258098876,-0.6483868482242833,1,0,12,7,0.4557804036907646,1,1,0.5342703283436874,1,0,-0.462823653820374,-0.19498469598714516
1,-0.9440814110152982,0.1727424092077425,1,0,12,7,-0.15384675928358094,1,0,-0.49397619743508525,0,2,-0.3478602471283855,-0.19556051634407481
1,0.05589569300512501,-0.15390019625787363,1,0,9,7,0.08223434794668033,1,0,-0.49397619743508525,1,0,1.0317006331754766,-0.19556051634407481
1,0.14741332888944617,-0.7488922652906267,1,0,11,3,1.27758172632775,1,0,-0.49397619743508525,1,0,-0.09494075240601077,5.809286105837531
0,-0.7131882929585254,1.3707669806385563,1,0,2,7,-0.6529042897576776,1,0,-0.49397619743508525,0,0,-0.5777870605123625,0.06336670415530143
1,1.931587422964509,-0.8574381157222776,2,2,8,3,0.5185361410557707,1,0,-0.49397619743508525,0,0,-0.002970027052419967,-0.13529131898543573
1,0.9307707076056971,0.030024716973534857,2,2,12,7,0.2809608496025332,1,0,-0.49397619743508525,1,0,-0.7387358298811464,0.08121713522012129
1,-0.7837156453831399,-0.7911045404584909,1,0,1,3,-0.017875994992734248,0,0,-0.49397619743508525,1,0,-0.30187488445159005,-0.19556051634407481
1,-0.12546035608673992,-0.5890886521551406,1,0,1,3,0.630599957778996,1,0,-0.49397619743508525,0,0,0.45688359971553405,-0.15717249254876328
0,0.5739358887906846,0.2481214720075001,1,0,8,7,-0.3660209189462208,1,0,-0.49397619743508525,1,0,-1.0376406872803166,-0.19556051634407481
1,1.399273834426349,0.2561619053728076,1,0,8,7,-0.6529042897576776,0,0,-0.49397619743508525,0,0,-1.0376406872803166,0.3207584037028652
0,1.2103612832889892,1.1526702256045909,1,0,10,7,0.8293264594348488,1,1,0.9455689386551964,1,0,-1.0376406872803166,-0.19556051634407481
1,0.4412772973253389,-0.07048070009280857,2,2,8,7,-0.5901485523926714,1,1,1.5625168541224599,1,0,0.8017738197914995,-0.19556051634407481
1,-0.26567544959758027,-0.78205905292252,1,0,9,7,-0.3779743927300315,1,1,0.12297171803217832,1,0,1.2386347652210559,-0.19556051634407481
0,-0.6854811187917127,0.2229951177409142,1,0,10,7,0.28245503382550946,1,1,1.5625168541224599,0,0,-0.3478602471283855,-0.1485351871948182
1,-0.8047059288428465,-0.9076908242554493,1,0,3,3,-0.46613126188563536,1,0,-0.49397619743508525,1,0,-1.0376406872803166,-0.19556051634407481
0,-1.0280425448541246,0.7677344782404958,1,0,2,3,-0.44073013009503764,1,1,0.9455689386551964,0,0,-0.4858163351587717,-0.19556051634407481
1,-0.5385491345737664,1.303428351204106,1,0,1,7,0.08223434794668033,1,1,3.002061990212742,0,0,0.11199337963956854,0.036303147379606805
1,-0.6854811187917127,-0.7569326986559342,1,0,1,7,-0.4153289983044399,1,0,-0.49397619743508525,0,2,0.6868104130995111,-0.19556051634407481
0,1.3715666602595362,0.6501431402728738,1,0,1,7,1.6884823876462427,1,1,0.7399196334994419,1,0,-1.0376406872803166,0.0462840335663878
0,-0.33536319068380616,1.9567135621353382,1,0,13,3,0.25705390203491174,1,1,-0.2883268922793307,0,0,-0.3478602471283855,-0.19344917503533268
0,0.819102399600058,0.3486268890738435,1,0,10,7,-0.5154393412438545,1,1,0.12297171803217832,1,0,-0.20415598876339985,-0.19556051634407481
0,-1.3084727318758052,-0.8403521948209992,1,0,1,3,-0.2166024966485871,1,1,-0.0826775871235762,0,0,-0.462823653820374,-0.19556051634407481
0,1.3085958098804162,1.655197310936308,1,0,6,0,0.8786345387930681,1,1,1.3568675489667055,1,0,-1.0376406872803166,-0.19556051634407481
1,2.112943472056374,2.7607568986660858,1,0,3,0,3.8176949053875235,1,1,3.002061990212742,1,0,-1.0376406872803166,-0.19556051634407481
1,2.1834708244809886,0.7506485573392172,1,0,4,3,1.4270001486253838,1,1,0.12297171803217832,0,0,-1.0376406872803166,-0.19556051634407481
1,0.8955070313933898,-0.7488922652906267,1,0,12,7,0.8293264594348488,1,1,0.7399196334994419,1,0,1.836444480019396,1.7238406734215017
1,-0.1817143157587538,2.015006704033817,1,0,0,7,0.8412799332186596,1,1,0.5342703283436874,1,0,-0.07194807106761307,-0.19556051634407481
1,0.8887901406862839,1.0099525333703832,1,0,13,3,1.7138835194368405,1,1,1.1512182438109508,0,0,-1.0376406872803166,-0.19556051634407481
1,1.5184986444774826,0.5667236441078087,1,0,6,0,1.6018197027136152,1,1,2.5907633799012326,1,0,-1.0376406872803166,0.7641400785387134
0,0.44799418803244484,0.07223699214139909,1,0,4,7,0.8293264594348488,1,0,-0.49397619743508525,1,0,-1.0376406872803166,0.5721999595621557
0,-0.7417350784637267,1.2029229341377625,1,0,10,7,-0.5408404730344523,1,1,0.5342703283436874,1,0,-1.0376406872803166,-0.08807404971720255
1,-0.3009391258098876,-0.6564272815895907,1,0,12,7,-0.06718407435095339,1,1,1.7681661592782147,1,0,1.457065237935834,-0.18884261217989531
1,-0.3496365834364068,-0.6393413606883124,1,0,2,3,-0.11649215370917251,1,1,1.9738154644339692,1,0,2.3135426177911484,-0.05870721151378923
0,-0.7064714022514194,1.4039337682704494,1,0,13,3,-0.5154393412438545,1,1,-0.0826775871235762,1,0,0.6868104130995111,-0.08980151078799156
1,-0.30765601651699354,-0.8403521948209992,2,2,2,7,-0.5901485523926714,1,1,-0.0826775871235762,0,0,0.45688359971553405,-0.09959045685579601
1,1.945021204378721,0.9345734705706255,1,0,5,2,3.6428753512992915,1,1,1.7681661592782147,1,0,-0.8651955772423338,-0.13797848065110754
1,0.23137446272827264,0.8853258162081173,1,0,1,7,0.6799080371372151,1,1,1.9738154644339692,1,0,-1.0376406872803166,-0.1531417500502556
1,-0.20942148992556642,2.0572189792016817,1,0,1,3,0.9294368023742635,1,1,1.7681661592782147,0,0,-1.0376406872803166,0.24263877527940625
1,-0.14645063954644655,-0.6735132024908691,1,0,12,3,-0.44073013009503764,1,1,-0.2883268922793307,0,0,0.34192019302354554,-0.17636650444641905
1,0.6856041967963237,1.8391222241677163,1,0,12,7,1.9126100210926933,1,1,0.7399196334994419,1,0,-0.6352687638583567,-0.19556051634407481
1,2.099509690642162,4.670359822926611,2,2,1,7,7.851992307423633,1,1,7.731996008795095,0,0,-1.0376406872803166,-0.19268141455942644
1,1.9240309209190143,0.39887959760701525,1,0,1,3,0.11958895352108875,1,1,1.7681661592782147,1,0,-1.0376406872803166,-0.14104952255473246
0,0.8048290068474574,-0.5478814311579399,2,2,10,3,-0.6275031579670798,1,1,4.235957821147269,1,0,1.5777768149624218,0.04167747071095042
1,0.04246191159091305,-0.061435212556837676,1,0,2,3,1.140116777813927,1,1,0.12297171803217832,0,0,0.7500402867801047,-0.13797848065110754
1,0.8468095737668706,-0.6483868482242833,1,0,6,0,0.38107119254194777,0,0,-0.49397619743508525,0,0,0.20396410499315934,-0.19556051634407481
1,-0.6292271591196988,-0.8242713280903843,1,0,1,7,-0.615549684183269,0,0,-0.49397619743508525,0,0,-0.462823653820374,-0.19556051634407481
0,-0.47557828419464654,-0.8574381157222776,1,0,1,3,-0.40337552452062925,1,0,-0.49397619743508525,1,0,1.7847109470080011,-0.19556051634407481
1,-0.4545880007349399,-0.7569326986559342,1,0,10,7,-0.14189328549977023,1,0,-0.49397619743508525,1,0,0.5718470064075225,-0.19556051634407481
1,0.5042481477044587,-0.5478814311579399,1,0,12,7,-0.6529042897576776,1,0,-0.49397619743508525,1,0,1.2616274465594537,0.9176921737199595
1,0.29434531310739254,-0.4554164474569039,1,0,12,7,-0.6648577635414882,1,0,-0.49397619743508525,1,0,0.33617202268894614,-0.15717249254876328
1,0.23809135343537863,-0.3549110303905605,1,0,2,3,1.5510174391324196,1,0,-0.49397619743508525,1,0,-1.0376406872803166,-0.19556051634407481
1,-0.6787642280846068,1.3788074140038635,2,2,12,7,-0.4153289983044399,1,0,-0.49397619743508525,1,0,-0.11793343374440847,-0.13797848065110754
1,-0.6921980094988187,-0.957943532788621,1,0,2,7,-0.6394566317508905,1,0,-0.49397619743508525,0,0,-1.0376406872803166,-0.19556051634407481
1,1.0844195825307494,-0.8574381157222776,1,0,6,3,0.8293264594348488,1,0,-0.49397619743508525,1,0,0.8017738197914995,-0.19556051634407481
1,0.31533559656709914,-0.05339477919153019,1,0,13,3,1.0534540928812994,0,0,-0.49397619743508525,1,2,3.049308420619875,-0.19556051634407481
1,0.993741557984817,-0.3549110303905605,1,0,10,3,1.1281633040301162,1,1,1.7681661592782147,0,0,-0.5777870605123625,-0.19556051634407481
1,2.1272168648089744,1.5044391853367929,1,0,9,7,-0.29131170779740395,1,1,0.32862102318793285,1,0,0.11199337963956854,-0.19556051634407481
1,0.021471628131206434,2.291396600966262,1,0,3,7,0.23165277024431405,1,1,1.3568675489667055,0,0,0.3994018963695398,-0.05544422949118775
0,-0.671207726039112,-0.7991449738237983,2,2,10,7,-0.2166024966485871,1,1,-0.0826775871235762,1,0,-0.5777870605123625,-0.11878446875345176
0,-0.9230911275555915,-0.7900994862878276,1,0,10,7,-0.1912013648579894,1,1,-0.2883268922793307,0,0,-1.0376406872803166,-0.19556051634407481
1,-0.398334041062926,-0.1036474877247019,1,0,2,7,0.617152299772209,1,1,-0.2883268922793307,1,0,-0.3478602471283855,-0.19556051634407481
1,0.23137446272827264,-0.6483868482242833,1,0,2,7,-0.20464902286477638,1,1,-0.2883268922793307,1,0,1.9514078867113844,9.401445432483806
0,0.38502333765332497,-0.7569326986559342,1,0,1,7,-0.06718407435095339,1,1,1.7681661592782147,0,0,-1.0376406872803166,-0.10803582209076454
1,-0.49656856765435314,-0.8825644699888634,1,0,9,7,-0.5901485523926714,1,1,0.12297171803217832,0,0,0.45688359971553405,2.704270801153758
1,-1.007052261394418,0.3486268890738435,1,0,12,3,-0.2285559704323978,1,1,0.9455689386551964,0,0,-0.5777870605123625,0.3714305951126764
1,0.31533559656709914,4.092453674795136,1,0,13,3,-0.17924789107417866,1,1,-0.2883268922793307,1,0,1.9226670350383874,-0.09959045685579601
1,0.07688597646483163,0.5496377232065304,1,0,4,0,-0.1912013648579894,1,0,-0.49397619743508525,1,2,1.3765908532514421,-0.19556051634407481
1,0.28678881106189785,-0.15390019625787363,1,0,3,0,3.0706027938993548,1,0,-0.49397619743508525,1,0,-1.0376406872803166,-0.19556051634407481
0,0.6016430629574971,0.04711063787481323,1,0,2,7,3.3694396384946224,1,0,-0.49397619743508525,1,0,4.59556624062712,-0.19556051634407481
1,1.0777026918236434,-0.8574381157222776,1,0,9,7,2.547638315857637,1,0,-0.49397619743508525,0,2,1.2616274465594537,-0.19556051634407481
1,1.1264001494501628,0.44913230614018695,2,2,1,7,-0.17924789107417866,0,0,-0.49397619743508525,0,0,-0.11793343374440847,-0.1951766361061217
1,-0.9021008440958849,0.10540377977329242,1,0,10,7,-0.552793946818263,1,1,-0.2883268922793307,0,0,-0.11793343374440847,-0.19556051634407481
1,0.22381796068277798,0.3486268890738435,1,0,0,7,-0.6275031579670798,1,0,-0.49397619743508525,1,0,1.5087987709472288,-0.19556051634407481
0,-1.0280425448541246,-0.8403521948209992,2,2,0,7,-0.4900382094532568,1,0,-0.49397619743508525,1,0,-0.11793343374440847,-0.19556051634407481
1,-0.8181397102570585,-0.7237659110240409,2,2,8,7,0.08223434794668033,1,1,-0.2883268922793307,0,0,-0.002970027052419967,-0.19172171396454368
1,-0.8324131030096591,1.0019121000050757,1,0,1,7,-0.5901485523926714,1,0,-0.49397619743508525,0,0,-0.23289684043639697,-0.19556051634407481
1,1.5252155351845886,2.861262315732429,1,0,5,2,-0.6648577635414882,1,1,-0.2883268922793307,0,0,-0.49731267582797056,-0.19556051634407481
0,-0.3143729072240995,-0.6564272815895907,1,0,9,7,-0.06718407435095339,1,0,-0.49397619743508525,0,2,1.077685995852272,-0.19556051634407481
1,0.7065944802560303,-0.8574381157222776,1,0,9,7,-0.5901485523926714,1,0,-0.49397619743508525,0,2,0.6178323690843179,-0.19556051634407481
0,-0.7341785764182319,-0.254405613324217,1,0,3,7,0.23165277024431405,1,0,-0.49397619743508525,1,0,0.6868104130995111,-0.19556051634407481
1,-0.3496365834364068,-0.8323117614556917,1,0,0,7,-0.5288869992506415,1,0,-0.49397619743508525,1,0,0.11199337963956854,-0.19556051634407481
1,0.4832578642447521,-0.15390019625787363,1,0,1,0,0.8293264594348488,1,0,-0.49397619743508525,1,2,0.5718470064075225,-0.19556051634407481
1,-0.7341785764182319,-0.8825644699888634,1,0,3,7,-0.40337552452062925,1,0,-0.49397619743508525,1,2,4.29666138322795,-0.19556051634407481
1,-0.4822951749017525,-0.5137095893553831,2,2,0,7,0.5304896148395815,1,0,-0.49397619743508525,0,0,0.043015335624375435,-0.19556051634407481
1,0.217101069975672,-0.05339477919153019,1,0,0,7,-0.3660209189462208,1,0,-0.49397619743508525,1,0,0.34192019302354554,-0.19556051634407481
0,1.4765180775580693,-0.6564272815895907,1,0,7,4,-0.6648577635414882,1,0,-0.49397619743508525,1,0,-0.462823653820374,-0.19037813313170776
1,2.6099933843822267,1.6049446024031364,2,2,1,3,0.8293264594348488,1,0,-0.49397619743508525,0,0,-0.3938456098051809,-0.19556051634407481
1,0.0004813446714998117,2.157724396268025,1,0,1,7,-0.5154393412438545,1,0,-0.49397619743508525,0,0,-0.3478602471283855,-0.19556051634407481
1,-0.7341785764182319,0.04711063787481323,2,2,0,7,1.8752554155182848,1,0,-0.49397619743508525,0,0,-1.0376406872803166,-0.19556051634407481
1,1.7561086532413615,-0.6815536358561766,2,2,1,3,2.162138786329742,1,0,-0.49397619743508525,1,0,0.11199337963956854,-0.17636650444641905
1,-0.22369488267816706,-0.6564272815895907,2,2,1,7,-0.2166024966485871,1,0,-0.49397619743508525,1,0,-1.0376406872803166,-0.15237398957434936
0,-0.2379682754307677,-0.24636517995890955,1,0,6,0,-0.5154393412438545,1,0,-0.49397619743508525,1,0,-0.05470356006381479,-0.19556051634407481
1,-0.7064714022514194,-0.8323117614556917,2,2,0,7,-0.6275031579670798,1,0,-0.49397619743508525,0,0,-0.002970027052419967,-0.19536857622509826
1,-0.7341785764182319,-0.8574381157222776,1,0,1,0,-0.4153289983044399,1,0,-0.49397619743508525,1,2,0.8017738197914995,-0.19556051634407481
0,-0.7484519691708326,1.2531756426709344,2,2,10,7,0.23165277024431405,1,0,-0.49397619743508525,1,0,0.5028689623923295,-0.19556051634407481
0,-0.24468516613787367,-0.7569326986559342,1,0,10,7,-0.3660209189462208,1,1,-0.0826775871235762,1,0,-0.0776962414022125,-0.09959045685579601
1,0.5109650384115647,-0.606174573056419,2,2,1,0,-0.5901485523926714,1,0,-0.49397619743508525,1,0,-0.09494075240601077,-0.11878446875345176
1,0.3220524872742051,2.358735230400712,2,2,1,7,0.5304896148395815,1,0,-0.49397619743508525,0,0,-0.5777870605123625,-0.19556051634407481
1,-1.070023111773538,0.04711063787481323,1,0,10,7,-0.552793946818263,1,1,-0.0826775871235762,0,0,-1.0376406872803166,-0.18826679182296563
1,-0.5385491345737664,1.4541864768036212,1,0,8,7,0.007525136797863474,1,1,-0.0826775871235762,1,0,-0.3478602471283855,-0.19460081574919202
1,-0.3009391258098876,-0.15390019625787363,2,2,6,3,1.0534540928812994,1,1,-0.0826775871235762,1,0,-0.6065279121853596,-0.19556051634407481
1,1.9660114878384276,2.157724396268025,1,0,4,8,-0.6648577635414882,1,1,3.6190099056800054,0,0,-0.16391879642120388,-0.17060830087712234
1,-0.22369488267816706,-0.7237659110240409,1,0,8,7,-0.5154393412438545,1,0,-0.49397619743508525,0,2,0.5718470064075225,-0.19556051634407481
0,-0.5385491345737664,1.2531756426709344,2,2,0,7,0.6799080371372151,1,0,-0.49397619743508525,0,0,-0.3478602471283855,-0.19556051634407481
1,0.7981121161403515,-0.5056691559900756,2,2,13,3,2.323510682411186,1,0,-0.49397619743508525,1,0,-0.025962708390817667,-0.19556051634407481
0,-0.9793450872276054,-0.8071854071891059,1,0,1,7,-0.42728247208825065,1,1,0.5342703283436874,1,0,-0.23289684043639697,-0.19460081574919202
1,-0.18843120646585979,-0.254405613324217,1,0,12,7,0.38107119254194777,1,1,0.12297171803217832,1,0,0.8535073528028944,-0.19556051634407481
0,-0.5805297014931796,-0.7488922652906267,2,2,5,2,-0.5154393412438545,1,1,0.12297171803217832,0,0,-0.002970027052419967,-0.16734531885452086
1,-0.5738128107860736,1.5546918938699645,1,0,12,7,-0.40337552452062925,1,0,-0.49397619743508525,1,0,0.45688359971553405,-0.19556051634407481
0,0.1961107865159654,-0.8071854071891059,1,0,8,0,-0.3660209189462208,1,1,0.12297171803217832,1,0,0.18097142365476165,-0.19556051634407481
1,-0.9021008440958849,-0.7066799901227625,2,2,1,3,-0.2539571022229955,1,1,0.12297171803217832,1,0,-0.23289684043639697,-0.15525309135899773
0,-0.5032854583614591,-0.7318063443893483,1,0,10,7,-0.2793582340135932,1,1,-0.0826775871235762,0,0,0.11199337963956854,-0.19556051634407481
1,0.5319553218712714,0.44913230614018695,1,0,10,3,2.7717659493040876,1,1,0.9455689386551964,1,0,0.6868104130995111,-0.19460081574919202
1,1.770382045993962,0.3486268890738435,1,0,8,7,1.214825988962744,1,1,2.5907633799012326,0,0,-1.0376406872803166,1.954552696431324
1,2.217894889354907,0.4571727395054944,1,0,9,7,3.518858060792256,1,1,0.7399196334994419,1,0,1.0317006331754766,0.06010372213269995
0,-0.895383953388779,1.1195034379726978,1,0,2,3,-0.5647474206020736,1,1,-0.2883268922793307,1,0,-0.5777870605123625,-0.18596351039524694
1,0.714150982301525,0.2903337471753643,1,0,10,7,-0.6529042897576776,1,1,-0.2883268922793307,0,0,0.11199337963956854,-0.13797848065110754
1,-0.4822951749017525,1.5546918938699645,1,0,2,7,-0.3032651815812147,1,1,13.284527248000467,1,0,-0.23289684043639697,-0.14603996564812297
0,-0.559539418033473,1.5546918938699645,1,0,0,7,-0.2166024966485871,1,1,1.9738154644339692,1,0,-0.3478602471283855,-0.08673046888436664
0,1.0709858011165376,0.38179367670573683,1,0,10,7,1.5390639653486091,1,1,0.12297171803217832,1,0,-1.0376406872803166,-0.19556051634407481
0,-0.6644908353320061,0.8511539744055606,1,0,10,7,1.8752554155182848,1,1,0.5342703283436874,1,0,-0.3478602471283855,-0.19556051634407481
1,0.29434531310739254,0.04711063787481323,1,0,13,3,1.5764185709230174,1,1,0.7399196334994419,1,0,-1.0376406872803166,-0.0036203973675171864
1,1.3648497695524302,-0.4554164474569039,1,0,9,0,0.08223434794668033,1,1,1.9738154644339692,1,0,1.319109149905448,0.2862091822870848
1,-0.727461685711126,1.2531756426709344,1,0,10,7,0.08223434794668033,1,1,0.9455689386551964,1,0,-0.462823653820374,-0.04028096009203969
1,0.25236474618797927,-0.1036474877247019,1,0,6,0,0.3063619813931309,1,1,-0.0826775871235762,0,0,0.537357984399926,-0.07847704376837467
0,-0.2514020568449796,-0.254405613324217,1,0,12,7,-0.4153289983044399,1,0,-0.49397619743508525,0,2,0.5718470064075225,-0.19556051634407481
1,3.050789337036066,0.14761605494115665,1,0,4,8,3.2200212161969883,1,1,-0.2883268922793307,1,0,-1.0376406872803166,-0.19556051634407481
1,-0.9230911275555915,-0.5890886521551406,1,0,1,7,0.007525136797863474,1,1,-0.2883268922793307,0,0,-0.462823653820374,-0.16676949849759118
0,1.3438594860927235,0.6501431402728738,1,0,4,0,1.27758172632775,1,1,0.7399196334994419,0,0,1.117923188194468,9.61257956335802
1,0.4060136211130316,0.04711063787481323,1,0,1,0,0.08223434794668033,1,1,0.7399196334994419,0,0,-1.0376406872803166,-0.12511849267967817
1,0.10543276197003291,0.14761605494115665,1,0,10,3,0.9787448817324826,1,1,1.9738154644339692,1,0,1.307612809236249,-0.0036203973675171864
1,1.441254401345762,0.3486268890738435,1,0,10,3,1.1281633040301162,1,0,-0.49397619743508525,1,0,0.9742189298294823,-0.19556051634407481
1,0.714150982301525,-0.8493976823569701,2,2,0,7,-0.5154393412438545,1,1,0.12297171803217832,0,0,0.11199337963956854,-0.0036203973675171864
1,0.18183739376336475,-0.4051637389237322,1,0,9,7,0.6051988259883984,1,1,0.7399196334994419,0,0,0.13498606097796623,-0.19556051634407481
0,-1.056589330359326,0.951659391471904,1,0,12,7,-0.17924789107417866,1,1,0.7399196334994419,1,0,-0.8077138738963395,-0.08039644495814025
0,-0.37734375760321937,1.7557027280026514,1,0,10,3,0.8293264594348488,1,1,-0.0826775871235762,0,0,-1.0376406872803166,0.7641400785387134
0,-0.013792048081100834,-0.20415290479104534,1,0,2,3,-0.4780847356694461,1,1,1.3568675489667055,1,0,0.002778143282179458,-0.19556051634407481
0,2.1062265813492678,2.258229813334369,1,0,7,2,-0.6648577635414882,1,1,2.5907633799012326,0,0,-1.0376406872803166,-0.1481513069568651
1,0.9727512745251103,-0.8996503908901419,2,2,2,3,-0.14189328549977023,1,1,1.1512182438109508,0,0,-0.462823653820374,-0.12358297172786571
1,-0.7627253619234332,1.2531756426709344,1,0,12,7,-0.06718407435095339,1,1,-0.2883268922793307,0,0,-0.5777870605123625,-0.1422011632685918
1,-0.3496365834364068,-0.6232604939576974,1,0,2,3,0.8547275912254466,1,1,1.3568675489667055,0,0,1.255879276224854,-0.03682603795046166
1,0.11886654338424488,-0.4554164474569039,1,0,2,3,0.15694355909549718,1,1,0.7399196334994419,0,0,-0.11793343374440847,0.20213941017535259
1,-0.6854811187917127,-0.6564272815895907,1,0,10,7,0.0448797423722719,1,1,0.12297171803217832,1,0,-1.0376406872803166,-0.08385136709971827
0,0.7485750471754435,0.5576781565718378,2,2,10,3,1.7258369932206512,1,1,2.3851140747454784,0,0,-1.0376406872803166,0.24590175730200772
0,-0.0767628984602207,0.3486268890738435,1,0,1,0,0.5304896148395815,1,1,0.9455689386551964,1,0,-1.0376406872803166,0.3927359483190743
0,1.7980892201607745,2.0572189792016817,1,0,1,7,0.9787448817324826,1,1,2.3851140747454784,0,0,-1.0376406872803166,0.22670774540435196
0,1.2808886357136038,-0.865478549087585,1,0,2,3,-0.5408404730344523,1,1,1.7681661592782147,1,0,1.4915542599434304,-0.19440887563021547
0,2.25987545627432,1.0521648085382476,1,0,10,7,0.5304896148395815,1,1,2.3851140747454784,0,0,-1.0376406872803166,0.1119275542563705
1,0.49669164565896406,0.3486268890738435,1,0,9,3,0.6051988259883984,1,1,1.9738154644339692,1,0,-0.50306084616257,-0.19556051634407481
1,-0.6997545115443133,-0.4554164474569039,1,0,1,7,-0.3406197871556231,1,1,1.7681661592782147,1,0,-0.692750467204351,0.22363670350072704
1,0.11214965267713889,-0.6564272815895907,1,0,2,3,0.9787448817324826,1,1,0.12297171803217832,1,0,-1.0376406872803166,-0.19556051634407481
0,-0.8181397102570585,1.3536810597372777,2,2,7,4,-0.6648577635414882,1,1,1.7681661592782147,1,0,-1.0376406872803166,-0.19556051634407481
0,-0.24468516613787367,-0.34687059702525297,2,2,13,3,0.09418782173049103,1,1,-0.2883268922793307,0,0,-0.6352687638583567,-0.19556051634407481
0,3.1280335801677865,2.0572189792016817,1,0,4,8,-0.6648577635414882,1,1,2.3851140747454784,0,0,-1.0376406872803166,0.4524293253207837
1,-0.28666573305728693,-0.5559218645232473,1,0,8,3,0.5797976941978006,1,1,-0.0826775871235762,1,0,0.002778143282179458,-0.19556051634407481
1,0.22381796068277798,-0.9418626660580061,2,2,9,0,-0.6529042897576776,1,1,-0.2883268922793307,1,0,0.5718470064075225,0.18831972160904045
1,-0.3143729072240995,-0.5559218645232473,1,0,13,3,-0.3660209189462208,1,1,0.32862102318793285,0,0,-0.23289684043639697,1.252435741215076
1,1.0567124083639368,-0.5559218645232473,1,0,9,7,-0.14189328549977023,1,1,-0.0826775871235762,1,0,-1.0376406872803166,-0.19268141455942644
1,-0.5318322438666604,-0.6142150064217266,1,0,13,7,-0.16729441729036795,1,1,-0.2883268922793307,1,0,1.2328865948864565,-0.19172171396454368
1,0.049178802298019034,-0.606174573056419,2,2,4,3,-0.6529042897576776,1,0,-0.49397619743508525,1,0,1.2213902542172577,-0.19556051634407481
0,2.4487880074116797,2.358735230400712,1,0,10,7,2.6223475270064536,1,0,-0.49397619743508525,1,0,-0.9169291102537286,1.8315190801673504
0,0.7905556140948568,1.0521648085382476,1,0,10,3,-0.14189328549977023,1,0,-0.49397619743508525,0,0,-0.8709437475769332,-0.03490663676069608
1,-1.0146087634399128,0.951659391471904,1,0,10,7,-0.3660209189462208,1,0,-0.49397619743508525,1,0,-0.692750467204351,-0.11878446875345176
0,0.07688597646483163,-0.8493976823569701,1,0,2,7,-0.6529042897576776,1,0,-0.49397619743508525,0,0,1.4915542599434304,1.94975419345691
1,0.4412772973253389,-0.3046583218573888,1,0,10,3,2.024673837815919,1,0,-0.49397619743508525,1,0,-0.45132731315117514,-0.0729107803180545
1,0.5109650384115647,-0.7318063443893483,2,2,3,7,-0.2166024966485871,0,0,-0.49397619743508525,1,0,1.4398207269320358,-0.19556051634407481
0,-0.5318322438666604,-0.4473760140915964,2,2,0,7,-0.5901485523926714,1,0,-0.49397619743508525,1,0,1.0891823365214708,-0.19556051634407481
1,0.83253618101427,-0.957943532788621,1,0,1,0,3.8176949053875235,1,0,-0.49397619743508525,0,0,-1.0376406872803166,-0.19556051634407481
1,2.064246014429855,1.5546918938699645,1,0,8,3,1.7258369932206512,1,0,-0.49397619743508525,1,0,-0.8996845992499303,0.19369404494038406
0,1.546205818644295,1.77278864890393,1,0,8,3,1.8752554155182848,1,0,-0.49397619743508525,1,0,-1.0376406872803166,-0.19556051634407481
1,-0.7341785764182319,1.1526702256045909,1,0,10,3,-0.26591057600680623,1,0,-0.49397619743508525,0,0,-0.462823653820374,-0.19556051634407481
1,-0.3706268668961134,-0.6564272815895907,2,2,12,7,-0.552793946818263,1,0,-0.49397619743508525,1,0,0.45688359971553405,0.00885571036595906
1,-0.5385491345737664,1.5546918938699645,1,0,0,7,0.23165277024431405,1,0,-0.49397619743508525,1,2,-0.922677280588328,-0.19556051634407481
0,-0.4478711100278339,0.7838153449711104,1,0,0,7,-0.24200362843918483,1,0,-0.49397619743508525,0,0,-0.11793343374440847,-0.16676949849759118
0,-1.0910133952332446,0.9014066829387324,1,0,10,7,-0.3032651815812147,1,1,0.32862102318793285,0,0,-0.692750467204351,-0.0919128520967337
1,-0.9440814110152982,0.6843149820754305,1,0,0,7,-0.07913754813476409,1,1,2.3851140747454784,0,0,-0.692750467204351,-0.1652339775457787
1,1.3648497695524302,-0.8996503908901419,1,0,1,0,3.8176949053875235,1,1,3.6190099056800054,0,0,-1.0376406872803166,2.68354126830429
0,-0.8534033864693658,-0.48858323508879725,1,0,6,0,-0.5154393412438545,1,1,0.32862102318793285,0,2,-0.5777870605123625,-0.19556051634407481
0,-0.9021008440958849,-0.3549110303905605,1,0,10,7,-0.615549684183269,1,1,0.12297171803217832,0,0,-0.462823653820374,-0.19440887563021547
0,2.1549240389757873,2.9617677327987724,1,0,1,7,0.9787448817324826,1,1,0.9455689386551964,0,0,-1.0376406872803166,0.3802598405855981
0,-0.7551688598779386,0.18078284257305,1,0,10,7,0.10763547973727805,1,1,0.9455689386551964,0,0,-0.29612671411699065,0.4295884511625734
1,1.4555277940983626,0.7506485573392172,1,0,1,3,3.0706027938993548,1,1,1.3568675489667055,0,0,0.002778143282179458,0.12210038056212806
1,0.720867873008631,0.3486268890738435,1,0,0,0,0.38107119254194777,1,1,-0.2883268922793307,0,0,-1.0376406872803166,-0.09959045685579601
1,0.7695653306351501,0.04711063787481323,1,0,1,7,0.8293264594348488,1,1,0.9455689386551964,0,0,-1.0376406872803166,0.3927359483190743
0,-0.23041177338527302,-0.7488922652906267,1,0,1,7,0.08223434794668033,1,1,0.5342703283436874,1,0,0.6868104130995111,0.0789138537924026
0,0.13985682684395148,-0.028268424924944337,1,0,10,3,-0.17924789107417866,1,1,-0.0826775871235762,0,0,-1.0376406872803166,-0.19556051634407481
1,-0.8466864957622597,1.1526702256045909,1,0,1,7,0.23165277024431405,1,0,-0.49397619743508525,1,0,-1.0376406872803166,-0.19556051634407481
1,0.8887901406862839,-0.9167363117914202,1,0,6,3,0.8666810650092573,1,0,-0.49397619743508525,0,0,1.2616274465594537,-0.19556051634407481
1,0.8677998572265773,-0.7649731320212416,1,0,13,7,0.08223434794668033,1,0,-0.49397619743508525,0,0,1.8939261833653902,-0.08039644495814025
1,-0.7341785764182319,-0.6393413606883124,2,2,12,7,0.25705390203491174,1,1,0.7399196334994419,0,0,-0.5777870605123625,-0.19556051634407481
1,0.25908163689508523,-0.14585976289256614,2,2,6,0,1.8752554155182848,1,1,0.9455689386551964,1,0,0.08325252796657141,-0.19556051634407481
1,-0.26567544959758027,0.05515107124012071,2,2,1,0,-0.2166024966485871,1,1,1.1512182438109508,1,0,-0.20990415909799928,-0.19421693551123892
1,0.14741332888944617,-0.32174424275866714,2,2,13,7,0.2809608496025332,1,1,0.12297171803217832,1,0,1.146664039867465,-0.19556051634407481
1,1.4068303364718435,0.5747640774731162,1,0,12,3,3.967113327685157,1,1,1.9738154644339692,0,0,-1.0376406872803166,-0.04392782235259429
1,-0.3219294092695942,-0.5478814311579399,2,2,0,7,-0.06718407435095339,1,1,0.12297171803217832,1,0,1.0891823365214708,-0.08807404971720255
1,-0.7417350784637267,1.0602052419035548,1,0,13,7,-0.6529042897576776,1,1,1.3568675489667055,0,0,-0.692750467204351,-0.119552229229358
0,-0.6157933777054869,-0.8574381157222776,1,0,10,3,-0.29131170779740395,1,1,-0.2883268922793307,0,0,-1.0376406872803166,-0.06542511567796874
0,0.83253618101427,-0.7569326986559342,1,0,6,0,0.007525136797863474,1,0,-0.49397619743508525,1,0,-1.0376406872803166,-0.13797848065110754
1,-0.552822527326367,-0.4051637389237322,1,0,1,7,0.007525136797863474,1,1,0.7399196334994419,0,0,-1.0376406872803166,-0.08039644495814025
0,-0.895383953388779,1.1024175170714192,1,0,10,7,-0.4526836038788484,1,1,-0.0826775871235762,1,0,-0.7559803408849447,-0.19556051634407481
1,0.4127305118201376,-0.5307955102566615,2,2,12,7,-0.6394566317508905,1,1,-0.2883268922793307,0,0,-0.7502321705503453,0.032272404881099094
0,0.33632588002680575,1.4541864768036212,1,0,10,3,3.518858060792256,1,1,1.1512182438109508,0,0,-1.0376406872803166,1.06932486771144
0,3.3723604796387714,-0.957943532788621,1,0,1,7,-0.6648577635414882,0,0,-0.49397619743508525,0,1,-1.0376406872803166,-0.19556051634407481
1,-0.23041177338527302,0.9184926038400109,1,0,10,3,1.0280529610907017,1,1,0.7399196334994419,0,0,1.1524122102020644,-0.16331457635601315
1,0.31533559656709914,-0.4554164474569039,1,0,8,7,0.6799080371372151,1,1,0.9455689386551964,0,0,-0.1754151370904027,0.04820343475615337
1,0.6788873060892177,-0.1036474877247019,1,0,1,0,1.27758172632775,1,1,2.7964126850569873,0,0,-0.36510475813218374,0.03668702761755992
1,0.664613913336617,0.2229951177409142,1,0,2,3,2.323510682411186,1,1,2.3851140747454784,1,0,1.255879276224854,-0.19556051634407481
1,-0.5948030942457803,0.37375324334042936,2,2,3,7,0.9787448817324826,1,0,-0.49397619743508525,1,2,-0.462823653820374,-0.19556051634407481
1,2.406807440492267,1.9567135621353382,1,0,5,2,4.714205439173326,1,1,2.5907633799012326,1,0,-1.0376406872803166,-0.0036203973675171864
1,-0.6997545115443133,1.3536810597372777,1,0,6,7,0.38107119254194777,1,1,1.3568675489667055,0,0,-0.7157431485427487,-0.05314094806346906
1,-0.398334041062926,-0.41320417228903966,2,2,2,7,0.9040356705836657,1,1,-0.2883268922793307,0,0,0.17522325332016223,-0.19556051634407481
1,1.4068303364718435,-0.254405613324217,1,0,0,7,0.38107119254194777,1,0,-0.49397619743508525,0,2,0.2844384896775513,-0.19556051634407481
1,0.819102399600058,-0.14585976289256614,1,0,2,3,1.4270001486253838,1,1,1.1512182438109508,0,0,0.8017738197914995,-0.19556051634407481
1,2.0575291237227487,1.3536810597372777,1,0,5,2,0.8293264594348488,1,1,0.5342703283436874,0,0,-1.0376406872803166,1.5033014767174369
1,1.8896068560450958,0.9767857457384899,1,0,4,7,1.9245634948765038,1,1,0.5342703283436874,0,0,-1.0376406872803166,-0.19556051634407481
0,-1.0490328283138313,0.9014066829387324,2,2,1,7,-0.3660209189462208,1,1,0.32862102318793285,1,0,-0.5777870605123625,-0.09959045685579601
0,1.5671961021040017,1.562732327235272,1,0,0,7,0.01947861058167418,1,1,0.12297171803217832,1,0,-0.14092611508280617,-0.19556051634407481
1,2.8551598951916004,1.2531756426709344,1,0,4,8,5.31187912836386,1,1,0.9455689386551964,1,0,-0.9111809399191292,-0.19556051634407481
0,-1.161540747657859,0.8511539744055606,1,0,0,7,-0.2539571022229955,1,0,-0.49397619743508525,1,0,-1.0376406872803166,-0.19556051634407481
0,-1.056589330359326,0.9596998248372114,1,0,0,7,-0.6394566317508905,1,0,-0.49397619743508525,0,0,-0.462823653820374,-0.19556051634407481
0,0.5319553218712714,0.14761605494115665,1,0,10,7,-0.6275031579670798,1,0,-0.49397619743508525,1,0,0.27294214900835245,-0.19556051634407481
1,-0.6854811187917127,-0.15390019625787363,1,0,1,0,-0.5901485523926714,1,0,-0.49397619743508525,1,0,-0.11793343374440847,-0.19556051634407481
1,-1.1195601807384459,0.14761605494115665,1,0,8,7,-0.5154393412438545,1,0,-0.49397619743508525,0,0,-0.5777870605123625,-0.19556051634407481
0,-0.7484519691708326,0.7426081239739099,2,2,13,7,0.07028087416286963,0,0,-0.49397619743508525,0,0,-0.09494075240601077,-0.19556051634407481
1,-0.9860619779347114,-0.8825644699888634,1,0,10,7,-0.06718407435095339,1,1,-0.0826775871235762,1,0,-0.5777870605123625,-0.19556051634407481
1,-0.7837156453831399,1.2531756426709344,1,0,2,7,-0.46613126188563536,1,0,-0.49397619743508525,0,0,-0.462823653820374,-0.19556051634407481
1,-0.5242757418211658,-0.254405613324217,1,0,2,7,-0.4780847356694461,1,1,0.9455689386551964,0,0,-1.0376406872803166,1.1593447835114454
0,1.3438594860927235,-0.3549110303905605,1,0,13,7,3.4815034552178474,1,1,-0.0826775871235762,1,0,1.945659716376785,0.1315054463919794
1,0.17512050305625876,-0.606174573056419,1,0,13,3,0.6799080371372151,1,1,0.32862102318793285,1,0,0.4166464073733381,-0.03106783438116493
1,-0.3143729072240995,1.8059554365358232,1,0,12,7,1.0534540928812994,1,0,-0.49397619743508525,1,0,1.7617182656696033,-0.09959045685579601
0,2.267431958319815,3.2632839839978027,1,0,6,0,2.323510682411186,1,1,2.179464769589724,0,0,-1.0376406872803166,1.0904382807988613
0,-0.9021008440958849,-0.5890886521551406,1,0,10,7,-0.04178294256035566,1,1,0.5342703283436874,0,0,0.22695678633155705,0.28486560145424894
1,-0.44031460798233923,-0.9076908242554493,1,0,6,0,-0.6648577635414882,1,0,-0.49397619743508525,1,0,-1.0376406872803166,-0.19556051634407481
1,-0.8466864957622597,0.5496377232065304,1,0,0,7,-0.24200362843918483,1,1,-0.2883268922793307,0,0,-0.5777870605123625,1.6854526496261901
1,0.9584778817725097,-0.028268424924944337,1,0,10,7,0.7038149847048366,1,0,-0.49397619743508525,0,2,-1.0376406872803166,-0.19556051634407481
1,0.5672189980835786,1.0772911628048334,1,0,13,7,0.08223434794668033,1,1,0.7399196334994419,0,0,1.9514078867113844,-0.15794025302466952
1,-0.9163742368484855,1.0521648085382476,2,2,1,7,0.08223434794668033,1,0,-0.49397619743508525,0,2,-0.8077138738963395,-0.19556051634407481
1,1.4135472271789495,4.084413241429829,1,0,12,7,-0.14189328549977023,1,1,0.12297171803217832,0,0,-0.3478602471283855,-0.19287335467840303
1,-0.2589585588904743,0.04711063787481323,1,0,12,7,2.6223475270064536,1,0,-0.49397619743508525,1,0,-0.6352687638583567,-0.19556051634407481
0,-1.063306221066432,0.5496377232065304,1,0,10,7,0.14499008531168647,1,1,0.5342703283436874,0,0,-1.0376406872803166,4.9342311034234045
1,-1.0842965045261386,-0.5559218645232473,1,0,6,7,-0.2166024966485871,1,1,-0.0826775871235762,0,0,-0.3478602471283855,-0.13797848065110754
1,0.14741332888944617,-0.34687059702525297,2,2,1,3,-0.05523060056714268,1,1,-0.2883268922793307,1,0,-0.002970027052419967,3.2645440084463297
1,1.1406735422027634,0.7506485573392172,1,0,2,3,3.518858060792256,1,1,-0.2883268922793307,1,0,-0.5318016978355671,0.18831972160904045
0,-0.9860619779347114,-0.9157312576207568,1,0,10,3,-0.5781950786088607,1,1,1.7681661592782147,0,0,-0.5777870605123625,-0.17655844456539563
1,-0.5805297014931796,1.6049446024031364,1,0,1,0,0.754617248286032,1,1,-0.0826775871235762,0,0,-0.6180242528545584,-0.11033910351848324
1,-0.8047059288428465,1.2531756426709344,1,0,13,7,-0.5781950786088607,1,1,0.7399196334994419,0,0,-0.3421120767937861,-0.19556051634407481
1,0.7418581564683375,3.363789401064146,1,0,4,8,5.31187912836386,1,1,1.7681661592782147,0,0,-1.0376406872803166,0.03476762642779434
1,0.8400926830597647,0.04711063787481323,1,0,10,3,0.8293264594348488,1,1,0.7399196334994419,1,0,1.6639993699814133,-0.19556051634407481
0,-1.1405504641981525,1.2531756426709344,1,0,13,3,-0.3660209189462208,1,1,1.7681661592782147,0,0,-1.0376406872803166,0.3802598405855981
1,-0.6921980094988187,1.2783019969375202,1,0,13,3,-0.5273928150276652,1,1,-0.2883268922793307,0,0,-0.462823653820374,-0.19556051634407481
1,-0.7341785764182319,-0.8323117614556917,1,0,8,7,-0.5901485523926714,0,0,-0.49397619743508525,0,0,1.146664039867465,0.19023912279880603
1,-1.1120036786929512,1.1024175170714192,1,0,1,3,-0.3406197871556231,0,0,-0.49397619743508525,0,0,0.8017738197914995,-0.19306529479737958
1,-0.9583548037678988,1.2622211302069053,1,0,1,7,-0.06718407435095339,0,0,-0.49397619743508525,1,0,-0.2558895217747947,-0.19556051634407481
1,-0.9583548037678988,-0.957943532788621,1,0,3,7,-0.5154393412438545,0,0,-0.49397619743508525,0,0,-0.20990415909799928,-0.19556051634407481
0,-0.895383953388779,0.9596998248372114,1,0,6,7,-0.6529042897576776,0,0,-0.49397619743508525,0,0,0.11199337963956854,-0.0036203973675171864
0,-0.5805297014931796,-0.606174573056419,2,2,1,7,-0.615549684183269,0,0,-0.49397619743508525,0,0,-0.2788822031131924,-0.19556051634407481
1,0.11214965267713889,-0.48858323508879725,1,0,3,3,1.0534540928812994,0,0,-0.49397619743508525,1,0,0.6408250504227156,-0.19556051634407481
0,1.7426748718271494,-0.957943532788621,2,2,5,2,-0.6648577635414882,0,0,-0.49397619743508525,0,0,-1.0376406872803166,-0.19556051634407481
0,1.4068303364718435,-0.689594069221484,1,0,6,6,-0.5647474206020736,0,0,-0.49397619743508525,0,0,-1.0376406872803166,-0.17252770206688792
0,-0.9230911275555915,1.1526702256045909,2,2,13,3,-0.6648577635414882,0,0,-0.49397619743508525,1,0,-0.15242245575200503,-0.18941843253682497
1,1.6234500617760157,-0.8403521948209992,1,0,5,2,-0.6648577635414882,0,0,-0.49397619743508525,0,0,-0.20415598876339985,-0.19556051634407481
1,-1.2035213145772723,-0.9408576118873426,2,2,1,7,-0.6529042897576776,0,0,-0.49397619743508525,0,0,-0.23289684043639697,-0.05697975044300021
1,-1.0985698972787392,-0.71472042348807,2,2,4,1,-0.6648577635414882,0,0,-0.49397619743508525,0,0,-0.462823653820374,-0.19556051634407481
0,0.049178802298019034,0.2481214720075001,1,0,3,7,-0.29131170779740395,0,0,-0.49397619743508525,0,0,0.5258616437307272,-0.19556051634407481
1,2.372383375618348,-0.6483868482242833,1,0,10,7,-0.6275031579670798,1,0,-0.49397619743508525,1,0,0.45688359971553405,-0.19556051634407481
1,-1.126277071445552,-0.9247767451567277,1,0,10,5,-0.6021020261764821,0,0,-0.49397619743508525,0,0,0.11199337963956854,-0.18788291158501252
1,0.5176819291186707,-0.957943532788621,1,0,1,7,-0.6648577635414882,0,0,-0.49397619743508525,0,1,-1.0376406872803166,-0.19556051634407481
1,0.07688597646483163,-0.4554164474569039,1,0,1,7,-0.29131170779740395,0,0,-0.49397619743508525,1,0,0.5718470064075225,-0.19556051634407481
1,-1.1195601807384459,0.39887959760701525,2,2,9,7,-0.6529042897576776,0,0,-0.49397619743508525,0,0,-0.23289684043639697,-0.19556051634407481
1,0.5739358887906846,1.0772911628048334,2,2,8,7,-0.6275031579670798,0,0,-0.49397619743508525,0,0,-0.11793343374440847,-0.19556051634407481
1,-0.062489505707620054,-0.4554164474569039,1,0,2,3,0.007525136797863474,0,0,-0.49397619743508525,1,2,0.9167372264834881,-0.19556051634407481
1,-1.0775796138190326,0.1898283301090209,1,0,3,7,-0.5034858674600438,0,0,-0.49397619743508525,0,0,-0.3478602471283855,-0.19556051634407481
0,-1.0280425448541246,0.1305301340398783,1,0,6,3,-0.5781950786088607,0,0,-0.49397619743508525,0,0,-0.5777870605123625,-0.10266149875942093
0,-1.1120036786929512,1.0521648085382476,2,2,10,3,-0.615549684183269,0,0,-0.49397619743508525,0,0,0.9167372264834881,-0.19556051634407481
1,-0.5738128107860736,1.7557027280026514,2,2,5,2,-0.6648577635414882,0,0,-0.49397619743508525,0,0,-1.0376406872803166,-0.19556051634407481
1,-1.273209055663498,-0.7900994862878276,1,0,9,7,-0.6394566317508905,1,0,-0.49397619743508525,0,2,0.11199337963956854,-0.19556051634407481
1,-0.8601202771764717,-0.78205905292252,2,2,1,3,-0.5901485523926714,0,0,-0.49397619743508525,0,0,0.5718470064075225,-0.15640473207285707
1,-0.6292271591196988,-0.8403521948209992,2,2,2,3,-0.6275031579670798,0,0,-0.49397619743508525,0,0,0.34192019302354554,-0.19536857622509826
1,-1.1539842456123643,-0.061435212556837676,1,0,1,7,-0.5901485523926714,0,0,-0.49397619743508525,0,2,-0.5777870605123625,-0.19556051634407481
0,-1.2522187722037914,-0.7066799901227625,1,0,10,7,-0.5901485523926714,0,1,-0.2883268922793307,0,0,-0.41683829114357857,-0.17675038468437218
1,-0.6854811187917127,1.5798182481365504,1,0,1,7,-0.6275031579670798,0,1,-0.0826775871235762,0,0,-1.0376406872803166,0.8700910242137732
1,-1.161540747657859,1.0521648085382476,1,0,12,3,-0.615549684183269,0,1,-0.2883268922793307,0,0,-0.3478602471283855,-0.19536857622509826
0,-0.7341785764182319,-0.6564272815895907,1,0,5,2,-0.6648577635414882,0,1,-0.0826775871235762,1,0,0.11199337963956854,-0.17540680385153626
1,-0.1607240322990472,-0.8413572489916626,1,0,12,7,-0.5781950786088607,0,1,-0.2883268922793307,0,0,0.9167372264834881,0.3424476371472162
1,-1.056589330359326,-0.8745240366235559,2,2,1,7,-0.615549684183269,0,1,-0.2883268922793307,0,0,0.11199337963956854,-0.19536857622509826
0,-0.8114228195499524,-0.606174573056419,2,2,7,4,-0.6648577635414882,0,0,-0.49397619743508525,0,0,-0.11793343374440847,-0.19556051634407481
1,-0.7064714022514194,-0.8071854071891059,1,0,9,7,-0.5154393412438545,0,0,-0.49397619743508525,1,2,0.8017738197914995,-0.19556051634407481
0,-1.1052867879858452,1.0521648085382476,1,0,12,7,-0.3660209189462208,0,1,-0.2883268922793307,0,0,-0.3478602471283855,-0.19536857622509826
1,-0.5032854583614591,-0.8493976823569701,1,0,12,7,-0.615549684183269,0,1,-0.2883268922793307,0,0,0.5258616437307272,-0.11033910351848324
1,0.36403305419361837,-0.47250236835818227,1,0,12,7,-0.6275031579670798,0,1,-0.0826775871235762,0,0,0.22695678633155705,-0.19536857622509826
0,-1.2874824484160987,-0.890604903354171,1,0,5,2,-0.6648577635414882,0,1,-0.2883268922793307,0,0,-0.11793343374440847,-0.17137606135302855
0,0.04246191159091305,-0.3297846761239746,1,0,5,2,0.24360624402812475,0,1,-0.0826775871235762,1,0,0.11199337963956854,-0.1947927558681686
1,3.1700141470872,0.8511539744055606,1,0,5,2,0.5304896148395815,0,1,-0.2883268922793307,0,0,-0.6352687638583567,-0.19440887563021547
1,0.12642304542973953,-0.4554164474569039,1,0,0,7,-0.14189328549977023,0,1,-0.0826775871235762,1,0,3.1010419536312694,-0.19556051634407481
1,-1.266492164956392,-0.4051637389237322,1,0,0,7,-0.46613126188563536,0,1,-0.2883268922793307,0,0,-0.5777870605123625,-0.1915297738455671
1,-0.7761591433376452,1.479312831070207,1,0,1,7,0.33176311318372864,0,1,-0.0826775871235762,1,0,-0.002970027052419967,-0.16235487576113036
0,2.1969046058952,-0.5559218645232473,1,0,5,2,1.27758172632775,0,1,-0.2883268922793307,0,0,-1.0376406872803166,-0.19364111515430923
1,-1.1052867879858452,-0.9247767451567277,1,0,3,7,-0.5901485523926714,0,0,-0.49397619743508525,1,2,0.5718470064075225,-0.19556051634407481
1,-0.671207726039112,-0.7569326986559342,1,0,1,7,-0.5154393412438545,0,0,-0.49397619743508525,1,2,0.5718470064075225,-0.19556051634407481
0,-1.300916229830311,-0.3800373846571463,1,0,10,7,-0.6394566317508905,0,0,-0.49397619743508525,0,0,-0.3478602471283855,-0.19556051634407481
0,-0.559539418033473,1.7888695156345447,1,0,10,3,-0.2166024966485871,0,0,-0.49397619743508525,0,0,0.5718470064075225,-0.19536857622509826
1,1.4555277940983626,4.335676784095687,2,2,5,2,-0.6648577635414882,1,0,-0.49397619743508525,1,0,-1.0376406872803166,-0.19556051634407481
1,-0.6644908353320061,-0.4051637389237322,1,0,5,2,0.6799080371372151,0,0,-0.49397619743508525,0,0,-0.11793343374440847,-0.1907620133696609
1,-1.0775796138190326,1.1104579504367265,1,0,5,2,-0.5408404730344523,0,0,-0.49397619743508525,0,0,-0.5777870605123625,-0.19556051634407481
1,-0.30765601651699354,-0.6986395567574549,1,0,8,3,-0.5901485523926714,0,0,-0.49397619743508525,1,2,-0.23289684043639697,-0.19556051634407481
0,0.02818851883831241,-0.3549110303905605,2,2,7,4,-0.6648577635414882,0,0,-0.49397619743508525,0,0,-0.11793343374440847,-0.19172171396454368
0,-0.552822527326367,-0.05339477919153019,1,0,12,7,-0.3660209189462208,0,0,-0.49397619743508525,1,0,1.0317006331754766,-0.19440887563021547
1,-1.0423159376067253,-0.606174573056419,2,2,1,7,0.03292626858846119,0,0,-0.49397619743508525,1,0,-0.3938456098051809,-0.19440887563021547
0,-1.266492164956392,-0.9157312576207568,1,0,0,7,-0.6275031579670798,0,0,-0.49397619743508525,0,0,0.11199337963956854,-0.19536857622509826
0,-1.0775796138190326,1.0521648085382476,1,0,3,7,-0.5408404730344523,0,0,-0.49397619743508525,0,0,-0.5777870605123625,-0.1874990313470594
1,-1.273209055663498,-0.957943532788621,2,2,0,7,-0.5901485523926714,0,0,-0.49397619743508525,0,0,-0.692750467204351,-0.19556051634407481
1,-0.7064714022514194,-0.8071854071891059,1,0,9,7,-0.5154393412438545,1,0,-0.49397619743508525,1,2,0.8017738197914995,-0.19556051634407481
1,-0.8601202771764717,-0.9076908242554493,2,2,1,3,-0.5901485523926714,0,0,-0.49397619743508525,0,0,0.5718470064075225,-0.15640473207285707
1,-1.168257638364965,3.46429481813049,0,1,5,6,-0.6648577635414882,0,0,-0.49397619743508525,1,1,1.5490359632894246,18.99845138131169
1,-1.0280425448541246,-0.957943532788621,2,2,9,0,-0.6648577635414882,0,0,-0.49397619743508525,1,2,1.836444480019396,-0.19536857622509826
1,0.44799418803244484,-0.9328171785220352,2,2,1,7,-0.2166024966485871,0,0,-0.49397619743508525,1,0,0.29593483034675017,-0.1738712828997238
1,-0.8534033864693658,-0.6564272815895907,1,0,12,7,-0.2166024966485871,0,0,-0.49397619743508525,0,0,-0.1754151370904027,-0.19402499539226237
0,-1.1195601807384459,-0.8825644699888634,0,1,2,2,2.323510682411186,0,0,-0.49397619743508525,1,2,0.6868104130995111,-0.19556051634407481
0,0.1893938958088594,-0.8825644699888634,1,0,2,7,-0.552793946818263,0,0,-0.49397619743508525,0,0,0.6868104130995111,-0.1871151511091063
1,1.441254401345762,-0.9167363117914202,2,2,8,7,-0.5901485523926714,1,1,1.7681661592782147,0,0,1.146664039867465,0.3288198886998806
1,0.1893938958088594,-0.7066799901227625,1,0,12,7,-0.31671283958800167,0,0,-0.49397619743508525,0,0,-0.3478602471283855,-0.19556051634407481
0,-0.1607240322990472,-0.7398467777546558,2,2,13,7,-0.3660209189462208,0,0,-0.49397619743508525,0,0,0.5718470064075225,-0.19306529479737958
1,-0.1044700726270333,-0.7398467777546558,2,2,1,7,-0.6529042897576776,0,0,-0.49397619743508525,0,0,-0.06045173039841422,-0.161203235047271
1,0.7905556140948568,-0.254405613324217,1,0,6,0,-0.5154393412438545,0,0,-0.49397619743508525,0,2,5.630236900855016,-0.19556051634407481
1,0.28678881106189785,-0.4554164474569039,2,2,12,7,0.23165277024431405,0,0,-0.49397619743508525,0,2,0.11199337963956854,-0.19556051634407481
1,-0.7341785764182319,-0.15390019625787363,2,2,6,7,-0.6394566317508905,0,0,-0.49397619743508525,1,0,1.3248573202400473,-0.19556051634407481
1,-0.9230911275555915,-0.957943532788621,1,0,1,7,-0.6648577635414882,0,0,-0.49397619743508525,0,1,-1.0376406872803166,-0.19556051634407481
0,0.15413021959655213,-0.4554164474569039,2,2,1,7,0.08223434794668033,0,0,-0.49397619743508525,1,0,-1.0376406872803166,-0.1951766361061217
1,0.22381796068277798,-0.4554164474569039,1,0,1,7,-0.3660209189462208,0,0,-0.49397619743508525,0,0,1.6065176666354188,-0.1924894744404499
0,-0.5175588511140597,1.5546918938699645,1,0,3,7,-0.3660209189462208,0,0,-0.49397619743508525,1,0,-0.002970027052419967,0.008279890009029386
1,0.2800719203547919,-0.4554164474569039,1,0,2,0,-0.5154393412438545,0,0,-0.49397619743508525,0,0,0.9627225891602835,-0.19556051634407481
1,-0.3143729072240995,-0.8071854071891059,1,0,10,3,-0.615549684183269,0,0,-0.49397619743508525,1,0,0.22695678633155705,-0.14738354648095886
1,1.336302984047229,0.3486268890738435,1,0,1,7,-0.3660209189462208,0,0,-0.49397619743508525,1,0,-1.0376406872803166,-0.15179816921741968
0,0.28678881106189785,-0.7066799901227625,2,2,6,3,-0.5154393412438545,0,0,-0.49397619743508525,1,0,-0.11793343374440847,-0.19556051634407481
0,0.15413021959655213,-0.3549110303905605,2,2,0,7,-0.06718407435095339,0,0,-0.49397619743508525,0,0,-0.002970027052419967,-0.19556051634407481
1,-0.28666573305728693,-0.3549110303905605,1,0,12,7,-0.44073013009503764,0,0,-0.49397619743508525,1,0,0.6868104130995111,-0.18270052837264547
0,0.6436236298769105,-0.15390019625787363,1,0,1,7,0.23165277024431405,0,0,-0.49397619743508525,0,0,1.7214810733274075,-0.19556051634407481
1,0.9517609910654038,-0.13681427535659524,1,0,0,7,-0.6529042897576776,0,0,-0.49397619743508525,0,0,-0.41683829114357857,-0.17636650444641905
1,-0.37734375760321937,-0.5056691559900756,1,0,6,0,-0.5154393412438545,0,0,-0.49397619743508525,1,0,2.6411883268633156,0.5721999595621557
1,0.1961107865159654,-0.4051637389237322,1,0,6,0,-0.6648577635414882,0,0,-0.49397619743508525,0,0,-0.002970027052419967,-0.19556051634407481
1,0.6301898484626984,-0.606174573056419,1,0,8,7,-0.5154393412438545,0,0,-0.49397619743508525,1,0,0.6868104130995111,-0.1951766361061217
1,2.6309836678419334,0.44913230614018695,1,0,4,8,-0.6648577635414882,0,0,-0.49397619743508525,0,0,-1.0376406872803166,-0.19325723491635613
1,0.07016908575772565,-0.6564272815895907,1,0,1,7,-0.5901485523926714,0,0,-0.49397619743508525,1,0,1.1006786771906696,-0.17214382182893478
1,-0.39161715035582,-0.05339477919153019,2,2,1,0,0.08223434794668033,0,0,-0.49397619743508525,0,0,0.11199337963956854,0.03668702761755992
1,2.679681125468453,-0.8493976823569701,1,0,1,7,-0.4900382094532568,1,1,0.12297171803217832,1,0,-0.002970027052419967,-0.19556051634407481
1,-0.3009391258098876,-0.6564272815895907,1,0,12,7,0.007525136797863474,0,1,-0.2883268922793307,1,0,-0.462823653820374,-0.19498469598714516
0,-0.44031460798233923,-0.5559218645232473,1,0,7,4,-0.6648577635414882,0,0,-0.49397619743508525,1,0,0.5488543250691249,-0.19536857622509826
1,-0.7761591433376452,-0.8403521948209992,2,2,5,2,-0.6648577635414882,0,0,-0.49397619743508525,0,0,-0.462823653820374,-0.19556051634407481
1,-0.7484519691708326,1.3536810597372777,2,2,9,7,-0.2166024966485871,0,0,-0.49397619743508525,1,0,-1.0376406872803166,0.5721999595621557
1,-0.05577261500051408,-0.6393413606883124,1,0,3,7,-0.4900382094532568,0,0,-0.49397619743508525,1,2,-1.0376406872803166,-0.19556051634407481
1,0.4412772973253389,-0.5559218645232473,1,0,6,7,-0.5901485523926714,0,0,-0.49397619743508525,1,0,0.23270495666615648,-0.19556051634407481
0,-1.2941993391232047,-0.9247767451567277,1,0,0,7,-0.3660209189462208,0,1,-0.0826775871235762,1,0,0.8017738197914995,-0.19536857622509826
1,0.819102399600058,-0.689594069221484,1,0,3,7,-0.615549684183269,0,0,-0.49397619743508525,0,0,-0.07194807106761307,-0.19556051634407481
0,-1.0003353706873122,-0.9247767451567277,1,0,10,7,-0.6529042897576776,0,0,-0.49397619743508525,1,0,1.146664039867465,-0.19556051634407481
1,0.0844424785103263,-0.3549110303905605,1,0,3,7,-0.615549684183269,0,0,-0.49397619743508525,1,0,-0.3478602471283855,-0.19556051634407481
0,0.44799418803244484,-0.011182504023665961,1,0,5,2,-0.6648577635414882,0,0,-0.49397619743508525,0,0,-0.11793343374440847,-0.19556051634407481
0,-0.09775318191992732,0.14761605494115665,1,0,8,7,0.9787448817324826,0,0,-0.49397619743508525,1,2,-0.462823653820374,-0.19556051634407481
1,-0.6997545115443133,-0.4554164474569039,1,0,5,2,-0.6394566317508905,0,0,-0.49397619743508525,1,0,-0.462823653820374,0.6121235043092796
1,-0.38490025964871405,-0.8493976823569701,1,0,8,2,-0.6648577635414882,0,0,-0.49397619743508525,0,0,-0.462823653820374,-0.19556051634407481
1,-1.2169550959914843,-0.890604903354171,2,2,8,7,-0.5781950786088607,0,0,-0.49397619743508525,0,2,0.11199337963956854,-0.19556051634407481
1,-0.5872465922002856,-0.5559218645232473,1,0,4,1,-0.615549684183269,0,1,-0.0826775871235762,0,0,0.8017738197914995,0.053961638325450104
1,0.9584778817725097,-0.7066799901227625,1,0,9,7,3.4815034552178474,0,1,-0.2883268922793307,1,0,0.9857152704986811,-0.17406322301870036
0,-0.727461685711126,0.2812882596393934,1,0,0,7,-0.615549684183269,0,0,-0.49397619743508525,0,0,0.22695678633155705,-0.0036203973675171864
1,0.6721704153821118,-0.6142150064217266,2,2,9,7,-0.615549684183269,0,0,-0.49397619743508525,0,2,1.2616274465594537,-0.19556051634407481
0,-0.6577739446249001,1.3536810597372777,2,2,8,3,0.23165277024431405,0,0,-0.49397619743508525,1,0,-0.922677280588328,-0.1924894744404499
1,-0.8391299937167651,-0.8071854071891059,2,2,11,5,-0.44073013009503764,0,0,-0.49397619743508525,1,0,-0.2788822031131924,-0.1951766361061217
1,0.13313993613684552,-0.4554164474569039,2,2,12,7,1.4270001486253838,0,0,-0.49397619743508525,1,0,0.5718470064075225,-0.19556051634407481
1,-0.4268808265681273,1.655197310936308,1,0,4,1,-0.6648577635414882,0,0,-0.49397619743508525,1,0,-0.23289684043639697,0.017493015719904154
0,1.1406735422027634,-0.036308858290251815,1,0,8,3,-0.3660209189462208,0,0,-0.49397619743508525,1,2,0.34192019302354554,-0.19556051634407481
1,-0.4335977172752333,-0.6483868482242833,1,0,12,7,-0.6275031579670798,0,0,-0.49397619743508525,0,0,-0.462823653820374,-0.19556051634407481
1,-0.2723923403046863,-0.8403521948209992,1,0,0,7,-0.6529042897576776,0,0,-0.49397619743508525,0,0,0.45688359971553405,-0.002852636891610956
0,-0.888667062681673,-0.8574381157222776,2,2,4,1,-0.3660209189462208,0,0,-0.49397619743508525,0,0,0.45688359971553405,-0.19556051634407481
1,-0.23041177338527302,1.9567135621353382,1,0,3,7,-0.6275031579670798,0,0,-0.49397619743508525,0,0,-1.0376406872803166,-0.14066564231677933
1,-0.9021008440958849,-0.7900994862878276,2,2,1,7,-0.06718407435095339,0,0,-0.49397619743508525,1,2,0.34192019302354554,-0.19556051634407481
1,0.25236474618797927,-0.689594069221484,1,0,6,0,-0.6275031579670798,0,0,-0.49397619743508525,1,0,1.4915542599434304,0.6681700190504345
1,0.18183739376336475,-0.9076908242554493,1,0,6,0,0.5304896148395815,0,0,-0.49397619743508525,1,2,1.3765908532514421,-0.19556051634407481
1,0.987024667277711,0.04711063787481323,1,0,6,0,0.007525136797863474,0,0,-0.49397619743508525,1,0,-0.22714867010179754,-0.19556051634407481
0,-0.7341785764182319,0.44913230614018695,1,0,1,7,-0.615549684183269,0,0,-0.49397619743508525,0,0,-0.11793343374440847,-0.19556051634407481
0,-0.5948030942457803,-0.4554164474569039,2,2,6,0,0.6799080371372151,0,0,-0.49397619743508525,0,0,0.11199337963956854,-0.10803582209076454
0,2.1339337555160807,-0.1036474877247019,2,2,5,2,0.8293264594348488,0,0,-0.49397619743508525,1,0,-1.0376406872803166,-0.1947927558681686
1,-0.7837156453831399,1.3456406263719705,1,0,8,7,-0.1912013648579894,0,0,-0.49397619743508525,1,0,-0.462823653820374,0.037070907855513036
1,0.217101069975672,0.14761605494115665,2,2,1,7,-0.2166024966485871,0,0,-0.49397619743508525,1,0,-0.692750467204351,-0.19556051634407481
1,-0.7417350784637267,-0.6564272815895907,2,2,0,7,-0.5034858674600438,0,0,-0.49397619743508525,1,0,-0.3478602471283855,-0.18270052837264547
1,-0.8601202771764717,-0.957943532788621,1,0,1,7,-0.5154393412438545,0,0,-0.49397619743508525,1,2,-1.0376406872803166,-0.19556051634407481
1,-0.398334041062926,1.9737994830366168,1,0,6,0,-0.6648577635414882,0,0,-0.49397619743508525,1,0,-0.014466367721618818,-0.19556051634407481
1,-0.7131882929585254,-0.9237716909860643,1,0,9,7,-0.6394566317508905,0,0,-0.49397619743508525,0,2,-1.0376406872803166,-0.19556051634407481
1,-1.3638870802094305,0.44913230614018695,1,0,4,7,-0.3660209189462208,0,0,-0.49397619743508525,0,0,2.4112615134793383,-0.19556051634407481
1,0.714150982301525,0.04711063787481323,1,0,6,0,-0.6021020261764821,0,0,-0.49397619743508525,0,0,2.1238529967493673,-0.19556051634407481
1,-0.33536319068380616,1.5546918938699645,1,0,0,0,-0.5901485523926714,0,0,-0.49397619743508525,1,0,3.1010419536312694,-0.19556051634407481
1,-0.559539418033473,-0.8493976823569701,1,0,9,7,-0.3660209189462208,0,0,-0.49397619743508525,1,0,-0.3478602471283855,-0.19536857622509826
1,0.819102399600058,-0.7066799901227625,2,2,12,7,-0.5901485523926714,0,0,-0.49397619743508525,0,0,-1.0376406872803166,-0.15813219314364607
0,0.13985682684395148,-0.6313009273230049,1,0,3,7,-0.5034858674600438,0,0,-0.49397619743508525,1,0,-1.0376406872803166,-0.19556051634407481
1,-0.1330168581322346,-0.5478814311579399,2,2,13,3,-0.6529042897576776,0,0,-0.49397619743508525,0,0,-0.30187488445159005,-0.19536857622509826
0,-0.6577739446249001,-0.8403521948209992,2,2,5,2,-0.6275031579670798,0,0,-0.49397619743508525,0,0,-0.3478602471283855,-0.1788617259931143
1,-0.44031460798233923,1.5546918938699645,2,2,8,3,-0.29131170779740395,0,0,-0.49397619743508525,1,0,-1.0376406872803166,-0.19229753432147334
1,-0.034782331540807454,-0.538835943621969,1,0,1,7,-0.6394566317508905,0,0,-0.49397619743508525,0,0,0.6868104130995111,-0.19556051634407481
1,-0.895383953388779,0.06419655877609161,2,2,7,7,-0.5781950786088607,0,0,-0.49397619743508525,0,0,-0.23289684043639697,-0.16024353445238823
1,-0.20942148992556642,-0.8825644699888634,1,0,1,7,-0.5781950786088607,0,0,-0.49397619743508525,0,0,0.22695678633155705,-0.16868889968735676
0,1.7216845883674428,0.3486268890738435,1,0,6,0,0.25705390203491174,0,0,-0.49397619743508525,1,0,-0.6180242528545584,-0.19556051634407481
0,-0.7341785764182319,-0.890604903354171,1,0,10,7,-0.44073013009503764,0,0,-0.49397619743508525,0,2,-0.11793343374440847,-0.19556051634407481
1,0.217101069975672,0.06419655877609161,2,2,6,0,-0.3406197871556231,0,0,-0.49397619743508525,1,0,1.7214810733274075,-0.19556051634407481
0,3.1977213212540123,0.2481214720075001,1,0,5,2,-0.6648577635414882,0,0,-0.49397619743508525,0,2,-1.0376406872803166,-0.19556051634407481
0,0.7485750471754435,0.6752694945394596,2,2,8,7,-0.615549684183269,0,1,-0.0826775871235762,0,0,-1.0376406872803166,-0.1921055942024968
0,-0.993618479980206,-0.8242713280903843,2,2,1,7,-0.3660209189462208,0,1,-0.2883268922793307,0,0,10.458699981918533,-0.1951766361061217
1,-1.2941993391232047,-0.3297846761239746,1,0,12,7,-0.6394566317508905,0,1,-0.2883268922793307,0,0,-1.0376406872803166,-0.19440887563021547
1,-1.2035213145772723,-0.9076908242554493,1,0,10,7,-0.5647474206020736,0,1,0.32862102318793285,0,0,-0.11793343374440847,-0.19402499539226237
1,-0.013792048081100834,-0.3880778180224538,1,0,5,2,-0.6648577635414882,0,1,0.5342703283436874,0,0,-0.025962708390817667,-0.16753725897349742
1,-0.5242757418211658,-0.3549110303905605,1,0,1,7,-0.29131170779740395,0,1,-0.2883268922793307,0,0,-1.0376406872803166,-0.19133783372659055
0,-0.7341785764182319,-0.7991449738237983,1,0,6,7,-0.6394566317508905,0,0,-0.49397619743508525,0,0,-0.20990415909799928,-0.19556051634407481
1,0.7695653306351501,-0.6564272815895907,1,0,6,0,-0.6648577635414882,0,0,-0.49397619743508525,0,2,0.6868104130995111,-0.19556051634407481
1,-0.7694422526305392,-0.865478549087585,1,0,8,7,-0.6275031579670798,0,0,-0.49397619743508525,1,0,0.5718470064075225,-0.18500380980036416
0,-0.7694422526305392,-0.7066799901227625,2,2,5,2,0.3063619813931309,0,0,-0.49397619743508525,0,0,0.5718470064075225,-0.19556051634407481
1,-0.7484519691708326,-0.9328171785220352,2,2,8,7,-0.6275031579670798,0,0,-0.49397619743508525,0,0,0.11199337963956854,-0.18212470801571579
1,-0.6577739446249001,-0.5981341396911115,1,0,1,7,-0.5034858674600438,0,0,-0.49397619743508525,1,0,-0.2558895217747947,-0.19536857622509826
1,0.5882092815432852,-0.8162308947250768,1,0,1,7,-0.552793946818263,0,1,-0.0826775871235762,0,0,0.2556976380045542,-0.09959045685579601
0,-0.40589054310842065,-0.4473760140915964,2,2,5,2,-0.6648577635414882,0,0,-0.49397619743508525,1,0,-0.002970027052419967,-0.18404410920548137
1,0.3010622038144985,-0.4554164474569039,1,0,6,7,-0.3660209189462208,0,0,-0.49397619743508525,1,0,0.1694750829855628,-0.19556051634407481
1,-0.9230911275555915,-0.7398467777546558,1,0,10,7,-0.2166024966485871,0,0,-0.49397619743508525,0,0,-0.41683829114357857,-0.19421693551123892
1,-0.16744092300615315,-0.7066799901227625,1,0,12,7,-0.14189328549977023,0,0,-0.49397619743508525,0,0,0.11199337963956854,-0.19556051634407481
1,-0.44031460798233923,-0.7900994862878276,1,0,2,7,-0.31671283958800167,0,0,-0.49397619743508525,0,0,-0.462823653820374,-0.19556051634407481
1,0.1893938958088594,-0.522755076891354,1,0,1,7,-0.2166024966485871,0,0,-0.49397619743508525,0,1,-0.3478602471283855,-0.19556051634407481
1,-0.5738128107860736,-0.7066799901227625,1,0,1,7,-0.5901485523926714,0,0,-0.49397619743508525,0,0,-0.4053419504743797,-0.19556051634407481
0,-0.3143729072240995,-0.5478814311579399,1,0,12,7,-0.5901485523926714,0,0,-0.49397619743508525,1,0,-0.002970027052419967,-0.18596351039524694
1,0.5109650384115647,-0.7900994862878276,1,0,4,7,-0.6529042897576776,0,0,-0.49397619743508525,0,0,-0.3478602471283855,-0.19460081574919202
1,1.49079147031067,-0.49762872262476815,1,0,5,2,-0.5781950786088607,0,0,-0.49397619743508525,0,0,0.11199337963956854,-0.19498469598714516
1,0.18183739376336475,-0.890604903354171,2,2,2,7,-0.6394566317508905,0,0,-0.49397619743508525,0,0,-0.002970027052419967,-0.19556051634407481
1,1.7141280863219481,-0.3549110303905605,2,2,5,2,-0.2166024966485871,0,0,-0.49397619743508525,0,0,-0.002970027052419967,-0.1947927558681686
1,-0.7131882929585254,-0.32174424275866714,2,2,1,7,-0.615549684183269,0,0,-0.49397619743508525,0,0,-0.11793343374440847,0.007512129533123156
1,-0.8047059288428465,-0.6483868482242833,1,0,8,7,-0.6394566317508905,0,0,-0.49397619743508525,1,0,1.008707951837079,-0.19556051634407481
1,-0.5175588511140597,-0.7569326986559342,1,0,0,7,-0.5154393412438545,0,0,-0.49397619743508525,0,0,0.11199337963956854,-0.19556051634407481
1,2.280865739734027,-0.41320417228903966,1,0,1,7,0.05683321615608261,0,0,-0.49397619743508525,1,0,0.8017738197914995,-0.19556051634407481
1,-1.0423159376067253,-0.957943532788621,2,2,5,2,-0.6648577635414882,0,1,0.32862102318793285,0,0,-0.7789730222233424,-0.19536857622509826
1,-0.993618479980206,-0.8403521948209992,1,0,5,2,-0.6648577635414882,0,1,0.12297171803217832,0,0,0.9742189298294823,-0.047958564851102004
0,1.8400697870801879,-0.9247767451567277,1,0,5,2,-0.6648577635414882,0,0,-0.49397619743508525,1,2,-0.6812541265351522,-0.19037813313170776
0,-0.35635347414351276,-0.7066799901227625,1,0,5,2,-0.6648577635414882,0,1,-0.2883268922793307,0,0,-0.5088090164971694,-0.13797848065110754
1,-0.46130489144204584,-0.78205905292252,1,0,8,7,-0.552793946818263,0,1,-0.0826775871235762,1,0,-0.03745904906001652,-0.19498469598714516
1,-0.6997545115443133,-0.957943532788621,1,0,8,7,-0.3660209189462208,0,1,1.7681661592782147,0,2,-1.0376406872803166,-0.19556051634407481
1,0.6856041967963237,0.04711063787481323,1,0,5,2,-0.6648577635414882,0,1,-0.0826775871235762,0,0,-0.9399217915921263,-0.19536857622509826
1,-0.07004600775311472,-0.41320417228903966,2,2,9,7,-0.6275031579670798,0,0,-0.49397619743508525,1,2,-0.5777870605123625,-0.19556051634407481
1,-1.1892479218246716,-0.3549110303905605,1,0,8,7,-0.6529042897576776,0,0,-0.49397619743508525,1,0,-0.11793343374440847,-0.18788291158501252
0,-1.1539842456123643,-0.957943532788621,2,2,7,2,-0.6648577635414882,0,0,-0.49397619743508525,0,0,-0.543298038504766,-0.19556051634407481
0,-0.7341785764182319,1.303428351204106,1,0,5,2,-0.6648577635414882,0,0,-0.49397619743508525,0,0,-1.0376406872803166,0.8025281023340248
1,-1.2522187722037914,-0.9328171785220352,1,0,1,7,-0.615549684183269,0,0,-0.49397619743508525,0,0,-0.2788822031131924,-0.19556051634407481
0,-0.3429196927293008,-0.6232604939576974,1,0,5,2,-0.6648577635414882,0,0,-0.49397619743508525,0,0,0.9167372264834881,-0.19536857622509826
1,-0.013792048081100834,-0.7318063443893483,1,0,5,2,-0.6648577635414882,0,1,-0.2883268922793307,0,0,-0.4858163351587717,-0.19191365408352024
1,-0.9583548037678988,0.44913230614018695,1,0,1,7,-0.5154393412438545,0,0,-0.49397619743508525,0,0,-1.0376406872803166,-0.19556051634407481
1,-0.7341785764182319,-0.3549110303905605,2,2,6,0,1.4270001486253838,0,0,-0.49397619743508525,0,0,-1.0376406872803166,-0.19536857622509826
1,0.6788873060892177,-0.6313009273230049,1,0,1,7,-0.2166024966485871,0,0,-0.49397619743508525,0,0,-1.0376406872803166,-0.13490743874748262
1,0.42700390457273824,-0.1036474877247019,1,0,10,7,0.38107119254194777,0,0,-0.49397619743508525,0,0,1.5720286446278224,-0.18596351039524694
1,-0.13973374883934056,-0.8242713280903843,1,0,12,7,-0.5901485523926714,0,0,-0.49397619743508525,1,0,0.6868104130995111,-0.19556051634407481
1,1.763665155286856,-0.6564272815895907,1,0,3,7,0.4557804036907646,0,0,-0.49397619743508525,1,0,-1.0376406872803166,-0.12838147470227965
1,0.3992967304059256,2.685377835866328,1,0,12,7,-0.6394566317508905,0,0,-0.49397619743508525,0,0,0.8017738197914995,0.4862107862606579
1,0.26579852760219125,-0.957943532788621,1,0,1,7,-0.6648577635414882,0,0,-0.49397619743508525,0,1,-1.0376406872803166,-0.19556051634407481
1,-0.14645063954644655,-0.8071854071891059,2,2,1,7,-0.6529042897576776,0,0,-0.49397619743508525,0,0,0.34192019302354554,-0.19556051634407481
1,0.3992967304059256,0.14761605494115665,1,0,6,0,0.8293264594348488,0,0,-0.49397619743508525,0,0,0.1694750829855628,-0.06369765460717973
1,-0.4822951749017525,-0.8996503908901419,2,2,1,7,-0.2166024966485871,0,0,-0.49397619743508525,1,0,-0.11793343374440847,-0.19556051634407481
0,-0.5805297014931796,-0.47250236835818227,2,2,1,7,-0.6648577635414882,0,0,-0.49397619743508525,0,0,-0.3478602471283855,-0.19556051634407481
1,-0.6157933777054869,-0.78205905292252,1,0,9,7,-0.6394566317508905,0,1,0.32862102318793285,0,0,0.4223945777079375,0.17872271566021256
1,-0.7971494267973518,-0.8574381157222776,1,0,1,7,-0.6275031579670798,0,0,-0.49397619743508525,0,0,1.0317006331754766,-0.19556051634407481
0,0.4337207952798442,-0.8996503908901419,1,0,5,2,-0.6648577635414882,0,1,1.5625168541224599,0,0,0.11199337963956854,-0.1921055942024968
0,-0.7064714022514194,-0.5890886521551406,1,0,7,4,-0.6648577635414882,0,1,-0.2883268922793307,0,0,0.11199337963956854,-0.18538769003831726
0,-0.3219294092695942,-0.3549110303905605,1,0,9,7,0.1688970328793079,0,1,-0.2883268922793307,1,0,0.5718470064075225,-0.19364111515430923
1,-0.02806544083370148,-0.33782510948928207,1,0,1,7,0.08223434794668033,0,1,-0.0826775871235762,1,0,-0.11793343374440847,-0.18769097146603597
0,-0.08347978916732668,-0.6815536358561766,1,0,12,3,-0.6529042897576776,0,1,0.12297171803217832,0,0,-1.0376406872803166,-0.18922649241784842
1,-0.7837156453831399,-0.48858323508879725,1,0,8,7,-0.44073013009503764,0,0,-0.49397619743508525,0,0,-0.002970027052419967,-0.19556051634407481
1,-1.266492164956392,-0.13681427535659524,1,0,6,3,-0.5408404730344523,0,0,-0.49397619743508525,1,0,-0.3478602471283855,-0.19556051634407481
0,-0.7971494267973518,1.386847847369171,1,0,8,3,-0.6394566317508905,0,0,-0.49397619743508525,0,0,0.8017738197914995,-0.19460081574919202
1,-0.8676767792219664,-0.12877384199128777,2,2,6,3,-0.6529042897576776,0,0,-0.49397619743508525,0,0,-0.23289684043639697,-0.17636650444641905
1,-1.174974529072071,0.3486268890738435,1,0,6,7,-0.6275031579670798,0,0,-0.49397619743508525,0,0,-0.692750467204351,-0.17636650444641905
1,-1.0280425448541246,-0.15390019625787363,2,2,6,7,-0.3660209189462208,0,0,-0.49397619743508525,1,0,1.0317006331754766,-0.0036203973675171864
1,-0.9021008440958849,-0.8745240366235559,1,0,1,7,-0.6275031579670798,0,0,-0.49397619743508525,0,0,-1.0376406872803166,-0.1871151511091063
1,-0.39161715035582,-0.5559218645232473,1,0,3,7,-0.44073013009503764,0,0,-0.49397619743508525,1,0,-0.5777870605123625,-0.19556051634407481
1,-0.6577739446249001,-0.7900994862878276,1,0,6,3,-0.6394566317508905,0,0,-0.49397619743508525,1,0,0.22695678633155705,-0.19460081574919202
1,0.6511801319224051,-0.4554164474569039,2,2,6,3,2.323510682411186,0,0,-0.49397619743508525,1,2,0.11199337963956854,-0.19556051634407481
1,-0.727461685711126,1.3536810597372777,1,0,6,7,-0.5408404730344523,0,0,-0.49397619743508525,0,0,-1.0376406872803166,-0.19556051634407481
1,-0.41260743381552667,-0.41320417228903966,2,2,1,7,-0.6394566317508905,0,0,-0.49397619743508525,0,2,-0.5777870605123625,-0.19556051634407481
0,-1.2169550959914843,-0.8574381157222776,1,0,6,7,-0.615549684183269,0,1,0.7399196334994419,1,0,0.34192019302354554,-0.18884261217989531
1,-0.6644908353320061,-0.32174424275866714,2,2,8,7,-0.5408404730344523,0,1,-0.2883268922793307,1,0,0.5718470064075225,-0.1802053068259502
0,-1.1825310311175656,0.951659391471904,1,0,0,7,-0.14189328549977023,0,1,1.5625168541224599,1,0,-1.0376406872803166,-0.19364111515430923
1,-0.6435005518722995,-0.8745240366235559,2,2,1,7,-0.6529042897576776,0,1,-0.0826775871235762,0,0,-0.30187488445159005,-0.19440887563021547
1,0.2733550296476859,-0.7408518319253192,1,0,9,7,-0.31671283958800167,0,0,-0.49397619743508525,0,2,-0.8766919179115326,-0.19556051634407481
1,3.6452341646149575,2.861262315732429,2,2,5,2,-0.6529042897576776,0,1,-0.0826775871235762,0,0,-1.0376406872803166,-0.1281895345833031
1,-0.2723923403046863,-0.9328171785220352,2,2,8,7,-0.6394566317508905,0,0,-0.49397619743508525,0,0,0.20396410499315934,0.2075137335066962
1,-0.5805297014931796,1.7225359403707583,2,2,0,7,-0.6529042897576776,0,0,-0.49397619743508525,1,0,-0.3478602471283855,-0.10438895983020995
1,-1.056589330359326,-0.24636517995890955,2,2,5,2,-0.6648577635414882,0,0,-0.49397619743508525,1,0,-0.002970027052419967,-0.19536857622509826
1,1.1683807163695759,-0.7569326986559342,1,0,10,7,-0.6275031579670798,0,0,-0.49397619743508525,1,0,0.4741281107193323,-0.19556051634407481
0,1.329586093340123,-0.8071854071891059,1,0,10,3,0.15694355909549718,1,1,-0.2883268922793307,0,0,0.8765000341412921,-0.02434993021698541
1,-0.6082368756599922,-0.78205905292252,1,0,10,7,0.7172626427116237,1,1,-0.0826775871235762,1,0,1.9514078867113844,0.18831972160904045
1,0.6578970226295111,0.951659391471904,1,0,9,7,1.27758172632775,1,1,2.3851140747454784,0,0,0.34192019302354554,0.6887076117809262
0,-0.9163742368484855,1.421019689171728,1,0,1,3,1.1281633040301162,1,0,-0.49397619743508525,0,0,0.9167372264834881,-0.19556051634407481
0,-1.056589330359326,-0.07048070009280857,2,2,1,3,0.23165277024431405,1,0,-0.49397619743508525,0,0,0.34192019302354554,-0.19556051634407481
1,-1.0280425448541246,0.951659391471904,1,0,12,7,-0.2166024966485871,1,0,-0.49397619743508525,0,0,-0.3478602471283855,0.2278593861182113
0,-0.5385491345737664,-0.78205905292252,1,0,13,3,-0.3540674451624101,1,0,-0.49397619743508525,1,0,-0.11793343374440847,0.929208580858553
1,-0.9440814110152982,0.9014066829387324,1,0,1,7,-0.16729441729036795,1,1,0.12297171803217832,1,0,-0.8077138738963395,-0.1901861930127312
1,-0.47557828419464654,-0.8574381157222776,1,0,1,7,-0.2285559704323978,1,1,0.5342703283436874,1,0,0.7557884571147042,-0.19556051634407481
1,-0.9230911275555915,0.44913230614018695,1,0,1,7,-0.17924789107417866,1,1,0.12297171803217832,0,0,0.11199337963956854,0.07142818915231684
1,-0.7341785764182319,-0.15390019625787363,1,0,13,7,0.8293264594348488,1,1,0.12297171803217832,1,0,0.6293287097535168,0.2418710148035
1,0.6369067391698044,0.04711063787481323,1,0,2,7,0.38107119254194777,1,1,1.5625168541224599,1,0,-1.0376406872803166,-0.19556051634407481
0,2.7426519758475725,-0.9247767451567277,1,0,5,2,-0.6648577635414882,1,1,-0.2883268922793307,0,0,0.29593483034675017,-0.17636650444641905
1,-0.26567544959758027,0.07223699214139909,1,0,13,7,0.754617248286032,1,1,-0.0826775871235762,0,0,1.3765908532514421,-0.19421693551123892
0,-0.22369488267816706,-0.20415290479104534,1,0,1,7,-0.3406197871556231,1,1,-0.2883268922793307,1,0,1.0949305068560702,-0.19556051634407481
1,-0.007075157373994859,2.9617677327987724,1,0,1,7,1.4270001486253838,1,1,2.7964126850569873,0,0,-1.0376406872803166,0.7641400785387134
0,-1.0490328283138313,0.8511539744055606,1,0,0,7,-0.44073013009503764,1,1,-0.0826775871235762,0,0,-0.5318016978355671,-0.08212390602892926
0,-0.559539418033473,-0.3549110303905605,1,0,10,3,-0.11649215370917251,1,1,3.4133606005242507,0,0,-1.0376406872803166,-0.09959045685579601
0,-0.062489505707620054,1.4541864768036212,1,0,1,7,-0.06718407435095339,1,1,-0.2883268922793307,0,0,0.22695678633155705,-0.19191365408352024
1,-0.8743936699290723,0.004898362706949001,2,2,12,7,0.007525136797863474,1,1,-0.2883268922793307,1,0,-0.5777870605123625,-0.13797848065110754
1,-1.4831118902605644,-0.15390019625787363,2,2,12,7,-0.14189328549977023,1,1,-0.0826775871235762,1,0,-0.3478602471283855,-0.0036203973675171864
0,1.2246346760415898,-0.15390019625787363,1,0,7,4,-0.6648577635414882,1,0,-0.49397619743508525,0,0,-0.462823653820374,-0.011298002126579491
0,1.0844195825307494,-0.957943532788621,1,0,1,7,0.08223434794668033,1,0,-0.49397619743508525,0,0,-1.0376406872803166,-0.19556051634407481
1,-0.9373645203081922,1.04412437517294,1,0,4,1,-0.6648577635414882,1,0,-0.49397619743508525,0,0,-1.0376406872803166,-0.19556051634407481
1,-0.7341785764182319,-0.4473760140915964,2,2,1,3,0.10763547973727805,1,0,-0.49397619743508525,0,0,-1.0376406872803166,-0.19556051634407481
1,-0.7341785764182319,1.1526702256045909,1,0,13,7,1.27758172632775,1,0,-0.49397619743508525,0,0,-1.0376406872803166,-0.19556051634407481
0,2.477334792916881,0.04711063787481323,1,0,0,7,0.5304896148395815,1,1,0.32862102318793285,0,0,-1.0376406872803166,-0.17655844456539563
1,-1.2874824484160987,-0.8071854071891059,1,0,1,7,-0.14189328549977023,1,1,0.5342703283436874,1,0,0.9857152704986811,-0.06312183425025006
0,-0.2723923403046863,-0.8825644699888634,1,0,10,7,-0.4900382094532568,1,1,0.32862102318793285,0,0,-0.5777870605123625,-0.19556051634407481
1,0.6511801319224051,-0.6142150064217266,1,0,13,7,-0.6275031579670798,1,1,0.5342703283436874,1,0,1.7214810733274075,-0.19556051634407481
1,-0.9230911275555915,0.5496377232065304,1,0,8,7,-0.2166024966485871,1,1,-0.2883268922793307,0,0,-0.11793343374440847,-0.15064652850356033
0,-0.11874346537963394,0.10540377977329242,1,0,4,1,0.007525136797863474,1,1,0.5342703283436874,1,0,-0.4685718241549734,-0.09959045685579601
1,-0.72074479500402,-0.3549110303905605,1,0,9,7,-0.2793582340135932,1,1,-0.2883268922793307,0,0,0.45688359971553405,-0.04200842116282871
0,-0.7484519691708326,0.7506485573392172,1,0,10,7,-0.14189328549977023,1,1,1.5625168541224599,0,0,-0.5777870605123625,-0.005539798557282763
0,-0.2379682754307677,-0.6232604939576974,1,0,10,7,0.05683321615608261,1,0,-0.49397619743508525,1,0,1.4915542599434304,-0.19556051634407481
1,1.154946934955364,-0.6564272815895907,1,0,1,7,0.08223434794668033,1,0,-0.49397619743508525,1,0,-0.23289684043639697,-0.19556051634407481
1,0.8535264644739766,-0.606174573056419,1,0,8,7,-0.6021020261764821,1,0,-0.49397619743508525,0,0,-0.11793343374440847,-0.19556051634407481
0,2.1549240389757873,-0.890604903354171,1,0,6,0,-0.3660209189462208,1,0,-0.49397619743508525,1,0,0.4108982370387387,0.22613192504742227
0,2.0432557309701482,0.4652131728708019,1,0,8,3,1.3522909374765668,1,1,0.12297171803217832,1,0,-0.462823653820374,-0.18596351039524694
1,0.993741557984817,4.109539595696415,1,0,10,3,-0.6021020261764821,1,1,-0.2883268922793307,0,0,3.3309687670152464,-0.17828590563618463
0,-0.5108419604069537,-0.538835943621969,1,0,1,3,0.15694355909549718,1,0,-0.49397619743508525,1,0,1.0317006331754766,-0.19536857622509826
0,-0.5738128107860736,-0.8232662739197208,1,0,0,3,-0.14189328549977023,1,0,-0.49397619743508525,0,0,1.2616274465594537,-0.19556051634407481
1,0.987024667277711,-0.5056691559900756,1,0,6,0,-0.44073013009503764,1,0,-0.49397619743508525,0,0,2.1813347000953613,-0.19556051634407481
1,0.7981121161403515,-0.7900994862878276,1,0,5,2,-0.6648577635414882,1,0,-0.49397619743508525,0,0,-0.29037854378239125,-0.19536857622509826
1,0.03490540954541838,-0.4554164474569039,1,0,0,7,1.5764185709230174,1,0,-0.49397619743508525,1,0,1.9686523977151826,-0.19556051634407481
0,0.21038417926856604,-0.6393413606883124,2,2,5,2,-0.6648577635414882,1,0,-0.49397619743508525,0,0,0.8017738197914995,-0.19556051634407481
0,-0.5452660252808723,-0.7066799901227625,1,0,5,2,-0.6648577635414882,1,0,-0.49397619743508525,0,0,-0.5777870605123625,-0.19556051634407481
1,0.3220524872742051,-0.32174424275866714,1,0,13,3,0.4557804036907646,1,0,-0.49397619743508525,1,0,2.8711151402472925,-0.19556051634407481
1,0.23809135343537863,-0.606174573056419,1,0,12,0,-0.5901485523926714,1,0,-0.49397619743508525,1,0,-0.1006889227406102,-0.19556051634407481
1,4.100303510021397,0.14761605494115665,1,0,1,7,-0.5034858674600438,1,0,-0.49397619743508525,0,0,-1.0376406872803166,-0.13030087589204523
1,-1.007052261394418,-0.6564272815895907,2,2,2,7,-0.06718407435095339,1,0,-0.49397619743508525,1,0,-0.462823653820374,-0.19172171396454368
1,0.9517609910654038,-0.3549110303905605,1,0,6,0,-0.3660209189462208,1,0,-0.49397619743508525,0,0,-1.0376406872803166,-0.15717249254876328
1,-0.9860619779347114,1.0521648085382476,2,2,8,3,-0.4153289983044399,1,0,-0.49397619743508525,1,0,-0.23289684043639697,-0.19556051634407481
1,0.4127305118201376,-0.19611247142573784,1,0,12,7,-0.31671283958800167,1,0,-0.49397619743508525,1,0,0.11199337963956854,-0.19556051634407481
1,-0.11202657467252797,-0.7488922652906267,2,2,6,0,-0.5154393412438545,1,1,1.5625168541224599,1,0,-0.2788822031131924,-0.1901861930127312
1,1.0777026918236434,1.2531756426709344,2,2,3,7,-0.2166024966485871,1,0,-0.49397619743508525,0,2,-1.0376406872803166,-0.19556051634407481
1,-0.6577739446249001,-0.865478549087585,2,2,12,7,0.11958895352108875,1,1,0.7399196334994419,1,0,0.15797874231636394,-0.12895729505920933
1,-0.6292271591196988,-0.6564272815895907,1,0,3,3,-0.10453867992536181,1,1,0.7399196334994419,0,0,0.11199337963956854,-0.13279609743874046
1,0.14741332888944617,-0.7569326986559342,1,0,13,7,-0.44073013009503764,1,1,0.9455689386551964,1,0,0.9167372264834881,0.5858277080094912
1,1.4202641178860553,1.4541864768036212,1,0,9,7,4.116531749982791,1,0,-0.49397619743508525,0,2,-0.4053419504743797,-0.19556051634407481
1,3.806439541585504,3.522587960028969,1,0,4,8,3.1453120050481718,1,1,-0.2883268922793307,1,0,-1.0376406872803166,-0.17463904337563005
1,1.6721475194025348,1.0521648085382476,1,0,6,0,-0.6648577635414882,1,1,1.7681661592782147,0,0,-1.0376406872803166,0.04417269225764567
1,0.2800719203547919,2.0572189792016817,1,0,11,5,0.9413902761580741,1,1,1.3568675489667055,1,0,-1.0376406872803166,-0.1698405404012161
1,0.6016430629574971,-0.28757240095611036,1,0,12,7,0.5304896148395815,1,1,2.3851140747454784,0,0,1.1639085508712634,0.06240700356041864
0,-0.7551688598779386,1.303428351204106,2,2,13,3,-0.44073013009503764,1,1,0.32862102318793285,0,0,-1.0376406872803166,-0.13394773815259983
1,0.8820732499791779,-0.8735189824528925,1,0,1,3,-0.6021020261764821,1,1,0.7399196334994419,0,0,0.22695678633155705,-0.013601283554298184
1,-0.1540071415919412,-0.05339477919153019,1,0,12,7,1.5764185709230174,1,1,-0.0826775871235762,1,0,0.8592555231374939,-0.19556051634407481
0,0.06345219505061968,-0.6644677149548982,1,0,12,7,-0.3406197871556231,1,1,2.7964126850569873,0,0,-0.3478602471283855,0.20348299100818848
1,1.6797040214480294,-0.9499030994233135,1,0,13,3,-0.6529042897576776,1,0,-0.49397619743508525,0,0,-1.0376406872803166,0.3802598405855981
0,-0.72074479500402,-0.49762872262476815,1,0,10,3,0.01947861058167418,1,1,0.9455689386551964,1,0,-0.23289684043639697,0.26202472729603854
0,-0.5385491345737664,1.5205200520674078,1,0,2,3,0.38107119254194777,1,1,0.7399196334994419,0,0,1.2616274465594537,-0.10765194185281142
1,-0.39161715035582,-0.7318063443893483,1,0,13,3,-0.29131170779740395,1,0,-0.49397619743508525,0,0,-1.0376406872803166,0.8213382339937275
1,-0.6787642280846068,-0.6564272815895907,1,0,1,3,-0.24200362843918483,1,0,-0.49397619743508525,0,0,1.388087193920641,-0.15717249254876328
1,-0.5872465922002856,1.5215251062380715,1,0,10,3,-0.1912013648579894,1,0,-0.49397619743508525,1,0,-0.3478602471283855,-0.19556051634407481
1,0.9030635334388846,0.05515107124012071,1,0,10,3,3.1453120050481718,1,0,-0.49397619743508525,1,0,-0.5088090164971694,-0.19556051634407481
0,-0.888667062681673,-0.3549110303905605,1,0,0,7,-0.6529042897576776,1,0,-0.49397619743508525,0,0,-0.462823653820374,-0.19556051634407481
1,-0.6997545115443133,1.3536810597372777,1,0,12,3,-0.029829468776544955,1,1,1.7681661592782147,1,0,0.6293287097535168,-0.14104952255473246
0,-0.5242757418211658,-0.3800373846571463,1,0,13,3,-0.40337552452062925,1,0,-0.49397619743508525,0,0,1.0317006331754766,-0.19556051634407481
1,0.9794681652322164,-0.8825644699888634,2,2,1,7,-0.552793946818263,1,1,1.1512182438109508,1,0,0.6868104130995111,-0.1644662170698725
0,0.36403305419361837,-0.7740186195572125,1,0,0,7,-0.44073013009503764,1,1,0.32862102318793285,0,0,-1.0376406872803166,0.10828069199581591
1,2.3581099828657472,-0.4051637389237322,1,0,12,7,-0.14189328549977023,1,1,0.5342703283436874,1,0,-0.692750467204351,-0.18442798944343447
1,-0.8743936699290723,-0.3549110303905605,2,2,3,7,-0.3406197871556231,1,1,1.1512182438109508,1,0,-0.11793343374440847,-0.19536857622509826
1,-0.7971494267973518,-0.8493976823569701,2,2,13,7,-0.6529042897576776,1,1,-0.2883268922793307,1,0,3.7908223937832006,-0.18423604932445792
0,2.8341696117318937,1.856208145068995,1,0,5,2,-0.6648577635414882,1,1,1.7681661592782147,1,0,-1.0376406872803166,0.07315565022310587
0,-0.9306476296010863,1.0521648085382476,1,0,1,3,-0.3660209189462208,1,1,0.32862102318793285,0,0,-0.7502321705503453,0.08563175795658211
1,0.07016908575772565,-0.9247767451567277,2,2,1,3,0.3063619813931309,1,1,-0.2883268922793307,1,0,1.4455688972666352,1.3399604354683863
1,-0.1044700726270333,-0.8574381157222776,1,0,1,7,-0.14189328549977023,1,1,1.7681661592782147,0,0,-0.853699236573135,-0.0919128520967337
1,-0.5242757418211658,0.2481214720075001,1,0,1,7,-0.3660209189462208,1,1,0.12297171803217832,0,0,-1.0376406872803166,-0.19556051634407481
1,0.6511801319224051,-0.6313009273230049,1,0,1,7,-0.2166024966485871,1,1,1.5625168541224599,0,0,0.031518994955176585,0.7065580428457461
1,0.6436236298769105,0.2481214720075001,1,0,9,7,-0.2793582340135932,1,1,0.5342703283436874,1,0,-0.41683829114357857,0.014997794173208904
1,0.021471628131206434,-0.7911045404584909,1,0,13,7,-0.26591057600680623,1,1,1.1512182438109508,1,0,0.7040549241033094,0.4359224750887998
1,0.8048290068474574,-0.9499030994233135,1,0,4,7,-0.6529042897576776,0,1,-0.2883268922793307,0,2,2.1813347000953613,-0.19556051634407481
1,1.434537510638656,-0.1036474877247019,1,0,9,7,-0.6275031579670798,1,0,-0.49397619743508525,1,0,0.2556976380045542,-0.19556051634407481
1,0.10543276197003291,0.8511539744055606,2,2,12,3,0.9040356705836657,1,0,-0.49397619743508525,1,0,-0.15242245575200503,-0.19556051634407481
0,-0.2799488423501809,2.0572189792016817,2,2,4,8,-0.6648577635414882,1,0,-0.49397619743508525,0,0,-1.0376406872803166,2.3403523355742046
1,3.526848965902212,2.6099987730665704,1,0,5,2,-0.6648577635414882,1,0,-0.49397619743508525,1,0,-1.0376406872803166,-0.19556051634407481
1,2.7426519758475725,3.062273149865116,1,0,13,3,4.564787016875692,1,1,1.3568675489667055,1,0,-1.0376406872803166,-0.0036203973675171864
1,1.6931378028622415,2.0572189792016817,1,0,1,7,1.8752554155182848,1,1,1.3568675489667055,0,0,-1.0376406872803166,-0.19556051634407481
1,-0.398334041062926,-0.606174573056419,2,2,1,7,-0.3660209189462208,1,1,0.5342703283436874,1,0,-0.11793343374440847,0.9132775509834986
1,-0.5108419604069537,-0.8413572489916626,1,0,1,7,-0.5781950786088607,1,1,0.9455689386551964,1,0,-0.4858163351587717,0.7879406532918065
1,-0.1044700726270333,0.3486268890738435,1,0,2,7,0.26900737581872247,1,1,1.1512182438109508,0,0,0.8592555231374939,0.03476762642779434
1,-0.3706268668961134,-0.8071854071891059,1,0,1,3,0.6051988259883984,1,1,0.12297171803217832,1,0,0.7557884571147042,-0.16676949849759118
1,-0.6921980094988187,-0.957943532788621,1,0,1,7,-0.6648577635414882,0,0,-0.49397619743508525,0,1,-1.0376406872803166,-0.19556051634407481
1,0.23137446272827264,0.09736334640798494,1,0,12,7,-0.6394566317508905,0,0,-0.49397619743508525,1,0,0.6293287097535168,-0.19440887563021547
1,0.6091995650029919,-0.9157312576207568,1,0,8,7,-0.6394566317508905,1,0,-0.49397619743508525,1,0,0.5718470064075225,-0.19556051634407481
1,-0.47557828419464654,-0.8071854071891059,1,0,1,0,-0.5901485523926714,1,0,-0.49397619743508525,0,0,0.9684707594948829,-0.191145893607614
0,1.2313515667486958,-0.3549110303905605,1,0,1,7,0.0448797423722719,1,1,1.1512182438109508,1,0,1.2386347652210559,0.6027184384794284
0,-0.8324131030096591,0.2481214720075001,1,0,0,7,0.08223434794668033,1,1,0.12297171803217832,0,0,-0.5777870605123625,-0.019359487123594914
1,-0.9516379130607928,-0.9328171785220352,1,0,10,7,-0.3660209189462208,0,1,-0.2883268922793307,0,0,0.34192019302354554,-0.048150504970078556
1,-0.9163742368484855,-0.47250236835818227,1,0,1,7,-0.06718407435095339,1,1,1.7681661592782147,1,0,0.11199337963956854,0.3802598405855981
0,-0.1607240322990472,-0.865478549087585,1,0,8,7,-0.5034858674600438,1,1,0.32862102318793285,0,0,1.146664039867465,-0.09959045685579601
1,0.9097804241459905,-0.606174573056419,2,2,1,7,-0.6648577635414882,0,0,-0.49397619743508525,1,0,-0.1754151370904027,-0.19536857622509826
1,-0.1330168581322346,-0.7066799901227625,2,2,8,7,-0.5901485523926714,0,0,-0.49397619743508525,0,0,0.24994946766995474,-0.19556051634407481
1,-0.9516379130607928,-0.9076908242554493,1,0,10,7,-0.6275031579670798,0,0,-0.49397619743508525,0,0,0.11199337963956854,-0.19556051634407481
1,-0.671207726039112,-0.8403521948209992,1,0,1,3,-0.6394566317508905,1,0,-0.49397619743508525,0,0,-0.002970027052419967,-0.19556051634407481
0,-0.1540071415919412,-0.606174573056419,2,2,8,7,-0.29131170779740395,0,0,-0.49397619743508525,1,0,0.5718470064075225,-0.19556051634407481
1,-1.279925946370604,-0.9499030994233135,1,0,1,7,-0.6529042897576776,0,0,-0.49397619743508525,0,0,-1.0376406872803166,-0.19556051634407481
1,0.07688597646483163,-0.254405613324217,1,0,8,7,-0.5154393412438545,0,0,-0.49397619743508525,1,0,0.29593483034675017,-0.19556051634407481
1,-0.7341785764182319,-0.9499030994233135,2,2,3,7,0.6051988259883984,0,0,-0.49397619743508525,1,0,1.6065176666354188,-0.19556051634407481
1,1.3782835509666422,-0.12073340862598028,1,0,13,0,-0.6394566317508905,0,0,-0.49397619743508525,1,0,1.9514078867113844,-0.19556051634407481
1,-0.9583548037678988,-0.7066799901227625,2,2,8,7,-0.6275031579670798,0,0,-0.49397619743508525,0,0,-0.23289684043639697,-0.1947927558681686
1,-0.3219294092695942,-0.3046583218573888,2,2,10,3,0.8547275912254466,0,1,-0.0826775871235762,1,0,1.0834341661868714,-0.19536857622509826
1,-0.7904325360902459,-0.7991449738237983,1,0,12,7,-0.5781950786088607,0,1,-0.2883268922793307,0,0,1.3765908532514421,-0.14124146267370902
1,-1.0146087634399128,1.2360897217696558,1,0,1,0,-0.4900382094532568,0,1,-0.0826775871235762,1,0,0.11199337963956854,-0.19421693551123892
0,0.5806527794977906,-0.07048070009280857,1,0,1,7,-0.6275031579670798,0,0,-0.49397619743508525,0,0,-0.11793343374440847,-0.19556051634407481
1,-0.16744092300615315,-0.7066799901227625,1,0,1,3,-0.5901485523926714,0,1,-0.0826775871235762,1,0,1.2616274465594537,-0.1748309834946066
1,-0.7341785764182319,-0.8071854071891059,1,0,6,7,-0.1912013648579894,0,1,-0.2883268922793307,1,0,1.2616274465594537,-0.19383305527328581
1,0.07016908575772565,1.856208145068995,2,2,5,2,-0.6648577635414882,0,1,-0.0826775871235762,0,0,-0.11793343374440847,-0.19536857622509826
1,-0.1540071415919412,-0.0031420706583584804,1,0,9,7,-0.06718407435095339,0,1,-0.2883268922793307,1,0,1.6065176666354188,-0.1825085882536689
1,-1.0910133952332446,1.1355843047033123,2,2,0,7,-0.6275031579670798,1,0,-0.49397619743508525,0,0,-0.3478602471283855,-0.12358297172786571
1,-0.7761591433376452,-0.5056691559900756,1,0,6,7,-0.6275031579670798,0,0,-0.49397619743508525,0,0,-0.11793343374440847,-0.19364111515430923
1,-0.7341785764182319,-0.9247767451567277,1,0,1,4,0.007525136797863474,0,0,-0.49397619743508525,1,2,-1.0376406872803166,-0.19556051634407481
0,-0.4898516769472472,-0.957943532788621,1,0,1,7,-0.6648577635414882,0,0,-0.49397619743508525,0,1,-1.0376406872803166,-0.19556051634407481
1,-1.056589330359326,-0.957943532788621,1,0,10,7,-0.46613126188563536,0,0,-0.49397619743508525,0,0,-0.11793343374440847,-0.19536857622509826
1,-0.8256962123025531,-0.7991449738237983,2,2,2,7,-0.46613126188563536,0,0,-0.49397619743508525,0,0,-0.11793343374440847,-0.19556051634407481
1,-0.6435005518722995,1.4541864768036212,1,0,1,7,-0.04178294256035566,0,0,-0.49397619743508525,0,2,-0.5777870605123625,-0.19556051634407481
1,-0.7904325360902459,0.6169763526409805,2,2,6,0,-0.615549684183269,0,0,-0.49397619743508525,1,0,-1.0376406872803166,-0.19556051634407481
1,0.39174022836043093,-0.4473760140915964,1,0,5,2,-0.6648577635414882,0,0,-0.49397619743508525,0,0,-1.0376406872803166,-0.0036203973675171864
1,-0.1817143157587538,1.655197310936308,1,0,3,3,-0.5154393412438545,0,0,-0.49397619743508525,0,0,0.27294214900835245,-0.19556051634407481
0,-0.993618479980206,-0.8242713280903843,1,0,12,7,-0.16729441729036795,0,0,-0.49397619743508525,0,0,0.22695678633155705,-0.19460081574919202
0,-0.7131882929585254,-0.7066799901227625,1,0,10,7,-0.5901485523926714,0,0,-0.49397619743508525,1,0,-0.3478602471283855,-0.04028096009203969
0,-0.3496365834364068,-0.8996503908901419,1,0,9,3,-0.6275031579670798,0,1,-0.2883268922793307,1,0,0.5258616437307272,-0.1748309834946066
0,0.6159164557100978,-0.6564272815895907,1,0,5,2,-0.6648577635414882,0,0,-0.49397619743508525,0,0,-0.6007797418507602,-0.19556051634407481
1,0.0844424785103263,-0.522755076891354,2,2,8,2,-0.6648577635414882,0,0,-0.49397619743508525,0,0,-0.3478602471283855,-0.19556051634407481
0,-0.6435005518722995,-0.8152258405544134,1,0,12,7,-0.5901485523926714,0,1,-0.2883268922793307,1,0,0.34192019302354554,-0.1947927558681686
1,-1.1120036786929512,-0.46345688082221137,1,0,1,5,-0.3779743927300315,0,1,-0.0826775871235762,1,0,-0.11793343374440847,-0.0828916665048355
1,0.7981121161403515,-0.8574381157222776,2,2,9,7,-0.5154393412438545,0,0,-0.49397619743508525,1,0,-0.29037854378239125,-0.19556051634407481
1,-1.0003353706873122,0.9687453123731826,1,0,0,7,-0.42877665631122697,0,0,-0.49397619743508525,0,0,-0.5777870605123625,-0.12838147470227965
1,-0.2379682754307677,-0.2292792590576312,1,0,0,7,-0.5901485523926714,0,0,-0.49397619743508525,1,0,-0.462823653820374,-0.19556051634407481
1,0.3497596614410177,-0.8071854071891059,1,0,8,7,-0.2166024966485871,0,0,-0.49397619743508525,1,0,0.2901866600121507,-0.19556051634407481
1,0.23137446272827264,-0.4051637389237322,1,0,6,0,0.08223434794668033,0,0,-0.49397619743508525,1,0,0.29593483034675017,-0.15717249254876328
1,0.14741332888944617,-0.5056691559900756,2,2,2,7,0.38107119254194777,0,0,-0.49397619743508525,1,0,0.11199337963956854,-0.1684969595683802
1,0.013915126085711764,-0.8071854071891059,2,2,0,7,0.38107119254194777,0,0,-0.49397619743508525,1,0,0.8017738197914995,-0.19556051634407481
0,1.770382045993962,0.44913230614018695,1,0,0,3,0.23165277024431405,0,0,-0.49397619743508525,0,0,-1.0376406872803166,-0.19556051634407481
1,0.3992967304059256,-0.8735189824528925,2,2,12,7,-0.5781950786088607,0,0,-0.49397619743508525,1,0,0.7385439461109059,-0.1951766361061217
1,0.49669164565896406,-0.42224965982501056,1,0,2,7,-0.615549684183269,0,0,-0.49397619743508525,1,0,-1.0376406872803166,-0.09939851673681944
0,-0.888667062681673,0.7506485573392172,1,0,1,7,-0.615549684183269,0,0,-0.49397619743508525,0,0,-1.0376406872803166,-0.1281895345833031
1,-0.6157933777054869,0.8511539744055606,1,0,0,7,-0.5901485523926714,0,0,-0.49397619743508525,1,0,-1.0376406872803166,-0.19556051634407481
1,-0.4898516769472472,-0.890604903354171,1,0,8,3,0.38107119254194777,0,0,-0.49397619743508525,1,0,0.9167372264834881,-0.19556051634407481
0,0.31533559656709914,-0.20415290479104534,1,0,5,2,-0.6648577635414882,0,1,0.7399196334994419,0,0,-1.0376406872803166,-0.15717249254876328
1,1.399273834426349,-0.20415290479104534,1,0,6,0,-0.3660209189462208,0,0,-0.49397619743508525,0,0,-0.462823653820374,-0.1951766361061217
0,-1.3084727318758052,0.5747640774731162,1,0,10,7,-0.6275031579670798,0,1,-0.2883268922793307,1,0,-1.0376406872803166,-0.1648500973078256
0,-0.7484519691708326,-0.8745240366235559,1,0,6,7,-0.5647474206020736,0,0,-0.49397619743508525,1,2,-0.20990415909799928,-0.19556051634407481
1,-0.8324131030096591,1.3536810597372777,1,0,6,7,-0.5154393412438545,1,0,-0.49397619743508525,1,0,-0.462823653820374,-0.1825085882536689
0,-0.6577739446249001,-0.7911045404584909,1,0,10,7,-0.5408404730344523,0,1,-0.2883268922793307,1,0,0.11199337963956854,-0.19344917503533268
0,-0.8676767792219664,0.04711063787481323,2,2,5,2,-0.6648577635414882,0,0,-0.49397619743508525,0,0,-1.0376406872803166,-0.19556051634407481
1,-0.4822951749017525,-0.3046583218573888,1,0,1,3,0.01947861058167418,0,1,-0.2883268922793307,1,0,1.3535981719130443,-0.1915297738455671
0,0.6301898484626984,-0.6232604939576974,1,0,0,7,-0.5901485523926714,0,0,-0.49397619743508525,0,0,-1.0376406872803166,-0.12070386994321734
0,-1.3151896225829114,-0.8825644699888634,1,0,1,7,-0.3660209189462208,0,0,-0.49397619743508525,0,0,-0.3478602471283855,-0.1921055942024968
0,-0.2379682754307677,-0.20415290479104534,1,0,1,7,-0.5901485523926714,0,1,-0.2883268922793307,1,0,-0.8077138738963395,-0.16600173802168494
1,-0.7694422526305392,0.8511539744055606,1,0,0,7,-0.6394566317508905,0,0,-0.49397619743508525,0,0,-1.0376406872803166,-0.19556051634407481
1,-0.1330168581322346,-0.254405613324217,1,0,1,7,-0.615549684183269,0,0,-0.49397619743508525,0,0,0.20396410499315934,-0.19556051634407481
0,-0.6644908353320061,-0.6564272815895907,1,0,12,7,-0.40337552452062925,0,0,-0.49397619743508525,1,0,-0.11793343374440847,-0.19556051634407481
1,0.05589569300512501,-0.15390019625787363,2,2,2,7,-0.2166024966485871,0,0,-0.49397619743508525,1,0,-0.3478602471283855,-0.19556051634407481
1,-0.02806544083370148,-0.6564272815895907,2,2,12,7,-0.6529042897576776,0,0,-0.49397619743508525,0,2,-0.11793343374440847,-0.19556051634407481
1,0.03490540954541838,-0.9499030994233135,2,2,9,7,-0.6529042897576776,0,0,-0.49397619743508525,0,0,-1.0376406872803166,-0.19556051634407481
0,-0.8114228195499524,1.4039337682704494,1,0,1,7,-0.5901485523926714,0,0,-0.49397619743508525,1,0,-0.002970027052419967,-0.19556051634407481
0,-1.1329939621526577,-0.8493976823569701,1,0,1,7,-0.14189328549977023,0,1,-0.2883268922793307,1,0,-0.5777870605123625,-0.19460081574919202
1,-0.09103629121282135,-0.8574381157222776,1,0,3,3,-0.6394566317508905,0,0,-0.49397619743508525,1,2,0.4108982370387387,-0.19556051634407481
1,1.7141280863219481,-0.5478814311579399,2,2,5,2,-0.2166024966485871,0,0,-0.49397619743508525,0,0,-0.3478602471283855,-0.19536857622509826
1,1.3228692026330169,0.21495468437560675,1,0,12,7,0.9787448817324826,0,0,-0.49397619743508525,0,0,1.635258518308416,-0.16676949849759118
1,-0.4688613934875405,1.6220305233044148,1,0,2,7,-0.5154393412438545,0,0,-0.49397619743508525,0,0,-1.0376406872803166,-0.1951766361061217
0,1.5814694948566024,-0.7900994862878276,1,0,0,7,-0.5154393412438545,0,0,-0.49397619743508525,1,0,0.34192019302354554,-0.17310352242381757
1,-0.1607240322990472,-0.5559218645232473,2,2,4,3,-0.06718407435095339,0,0,-0.49397619743508525,0,0,0.43389091837713634,-0.19229753432147334
0,0.49669164565896406,-0.4554164474569039,1,0,6,3,-0.6021020261764821,0,0,-0.49397619743508525,0,0,0.45688359971553405,-0.14834324707584165
0,0.8535264644739766,-0.7488922652906267,1,0,0,7,-0.46613126188563536,0,0,-0.49397619743508525,0,0,0.34192019302354554,-0.15007070814663065
0,-0.07004600775311472,1.1858370132364842,1,0,10,3,-0.6394566317508905,0,1,1.9738154644339692,1,0,-0.29612671411699065,-0.19498469598714516
1,-1.007052261394418,0.49938501467335866,1,0,9,7,-0.6529042897576776,0,1,-0.2883268922793307,0,0,-0.462823653820374,-0.19536857622509826
0,-1.1329939621526577,1.094377083706112,1,0,5,2,-0.6648577635414882,0,0,-0.49397619743508525,0,0,-1.0376406872803166,-0.18596351039524694
0,-0.9516379130607928,-0.7066799901227625,1,0,1,7,-0.6648577635414882,0,0,-0.49397619743508525,0,0,-1.0376406872803166,-0.19556051634407481
1,-1.0003353706873122,-0.8996503908901419,1,0,8,7,-0.5781950786088607,0,0,-0.49397619743508525,0,0,0.5718470064075225,-0.12569431303660783
1,-0.3009391258098876,-0.7569326986559342,2,2,3,3,0.23165277024431405,0,0,-0.49397619743508525,0,0,-0.025962708390817667,-0.09248867245366338
1,-1.2035213145772723,-0.29661788849208126,1,0,6,7,-0.5647474206020736,0,0,-0.49397619743508525,1,0,-0.23289684043639697,-0.1951766361061217
1,0.4202870138656322,-0.8071854071891059,2,2,3,7,-0.4900382094532568,0,0,-0.49397619743508525,0,0,0.34192019302354554,-0.19498469598714516
1,0.7695653306351501,-0.29661788849208126,1,0,9,7,0.38107119254194777,0,0,-0.49397619743508525,1,2,1.2616274465594537,-0.19556051634407481
1,-0.8676767792219664,1.069250729439526,2,2,4,3,-0.29131170779740395,0,0,-0.49397619743508525,0,0,0.45688359971553405,-0.19556051634407481
0,-0.7341785764182319,-0.8071854071891059,1,0,1,7,-0.06718407435095339,0,1,-0.0826775871235762,1,0,0.11199337963956854,-0.11993610946731112
0,-0.5175588511140597,1.7557027280026514,2,2,5,2,-0.06718407435095339,0,1,-0.2883268922793307,1,0,0.11199337963956854,-0.19536857622509826
1,-1.1329939621526577,-0.9167363117914202,1,0,0,7,-0.6529042897576776,0,0,-0.49397619743508525,0,0,0.5718470064075225,-0.051605427111656596
1,0.3010622038144985,-0.2795319675908029,1,0,1,3,1.8124996781532785,0,0,-0.49397619743508525,1,0,-1.0376406872803166,-0.19556051634407481
